,Regions,Regions_agr,Region_name,Objects_offices,Objects_shops,Objects_apartments,Objects_industry,Objects_schools,Objects_universitites,Poluation_UM,Population_6plus_UM,Population_BD,Population_AUT,Population_MET1,Population_MET2,Jobs_GUS,Jobs_AUT,Jobs_MET3,Jobs_MET4
0,1,A10,Rynek,106538,58760,131606,288,0,0,1695,1645,5785,1698,2714,2105,10354,6986,9875,2262
1,2,A9,UWr,12954,4082,101166,3824,244,5911,1719,1657,565,1710,226,339,4798,609,1026,182
2,3,A9,Hala Targowa,9500,12060,62071,271,434,1412,1301,1253,1348,1391,548,713,4751,1139,2349,730
3,4,A11,Pl. Dominikański,70156,104991,64536,188,0,0,650,620,704,726,269,191,4250,722,1566,217
4,5,A11,Skargi,13656,10927,60003,286,1785,0,1072,1034,696,1067,400,348,5194,965,1305,321
5,6,A14,Pd. Czterech Kultur,66296,18850,67754,167,0,545,915,870,1183,1221,461,287,2909,1426,1844,356
6,7,A14,Pn. Czterech Kultur,13530,8009,31368,110,0,0,679,656,2105,677,913,1044,1788,1653,2009,1174
7,8,A15,Pl. Solidarności,42772,9122,87104,410,98,0,777,744,704,768,400,130,1203,591,713,165
8,9,A15,Pl. Orląt Lwowskich,4742,4378,70796,29,0,1087,1368,1289,1113,1330,287,226,884,582,939,191
9,10,A16,Dworzec Świebodzki,15383,13392,33298,171,764,0,734,696,330,718,191,182,5471,548,669,121
10,11,11,Szpitalna,24942,25161,120851,8226,642,0,1985,1838,1687,1897,704,548,1453,661,774,234
11,12,12,Żytnia,1,5129,100941,39,0,0,2465,2357,139,2433,87,43,487,87,17,60
12,13,A13,Świdnicka/Arkady,73562,16409,97879,386,0,251,1796,1719,1183,1774,365,174,10561,1687,2175,426
13,14,14,Renoma/NOT,40769,126903,131908,154,912,0,2400,2293,1035,2367,365,313,1600,626,1313,287
14,15,15,Kołłątaja,56184,7440,162199,150,0,0,3064,2938,2453,3033,739,304,2789,1209,1609,165
15,16,16,Pl. Wróblewskiego,10088,2920,159041,320,2943,398,3285,3138,3819,3942,1496,1966,2199,2705,3767,1774
16,17,A48,Park Słowackiego,28727,5935,483,279,0,362,2,2,313,323,156,165,312,722,765,174
17,18,A48,Mazowiecka,41807,1495,9755,241,0,0,161,154,1244,158,643,2018,2370,2644,2966,1957
18,19,19,Traugutta - Trójkąt,20736,4853,286559,1748,0,0,4704,4451,2862,4595,1139,669,1761,565,896,321
19,20,20,Świstackiego - Trójkąt,31091,3329,232713,14458,845,0,4163,3922,5838,6027,2401,1226,5062,2314,2740,678
20,21,A48,Dworzec Główny,9861,125,1559,69,0,0,1,1,887,1,321,339,3712,748,904,278
21,22,22,Komandorska/Swobodna,20,3886,132354,63,492,0,3213,3102,1278,3202,574,374,1255,1200,1609,478
22,23,23,Centrum Południowe,37467,75850,130197,186,0,0,2404,2303,6508,2377,2758,2418,10258,4750,5463,1748
23,24,24,Stysia,5155,11262,165949,87,638,0,3769,3615,4959,5119,1861,1070,1373,2296,2862,626
24,25,A3,Ostrów Tumski,293,8508,74826,216,0,2168,794,774,2497,799,1017,739,413,1479,2088,722
25,26,26,Szczytnicka,4515,1869,239115,162,903,0,4906,4685,2845,4836,1026,1061,1468,1522,1748,817
26,27,A3,UWr 2,23187,10463,100302,0,0,3555,1677,1604,2514,2595,1009,652,553,2018,2436,530
27,28,A2,Politechnika,3836,1584,71419,570,367,17149,1192,1149,1244,1284,513,896,4141,2444,2618,748
28,29,A2,Kliniki,14844,2614,105744,2857,0,3095,1608,1528,870,1577,469,504,4701,1183,1679,495
29,30,A55,Plac Grunwaldzki,77910,54037,22282,276,0,5213,515,506,4176,522,1400,1540,8144,4828,6046,1722
30,31,A4,Grunwaldzka,10547,850,73756,209,0,91,1090,1019,948,1052,443,330,1334,495,487,313
31,32,32,Prusa/Nowowiejska,0,843,173286,186,489,1562,3525,3392,5942,3502,2531,1522,938,1644,2157,774
32,33,33,Jaracza,301,590,176640,99,0,0,2964,2805,1705,2895,843,765,918,600,765,687
33,34,34,Browar Piastowski,5461,5304,188094,37644,402,0,4144,3944,965,4071,348,226,1068,461,234,165
34,35,35,Park Tołpy,3880,5568,389324,387,872,0,8738,8285,7856,8553,2070,652,2210,2262,2610,478
35,36,36,Jedności Narodowej,0,2144,360167,613,687,0,7270,6890,6334,7113,2592,1278,1776,1531,1792,696
36,37,A48,Wzgórze Słowiańskie,21473,2444,48144,139,0,0,516,467,661,682,252,60,283,295,287,17
37,38,38,Na Szańcach,12864,1575,211815,221,798,920,3958,3766,2149,3888,974,748,1617,878,870,609
38,39,39,Dworzec Nadodrze,297,3469,297764,141,1063,0,7101,6770,4959,6989,2001,1244,1657,1714,1835,478
39,40,40,Pomorska,12891,2505,173732,171,901,0,4093,3887,4158,4292,1948,1374,1869,1592,1696,843
40,41,A12,Ks. Witolda,8676,11377,40549,137,0,0,443,421,348,434,156,130,548,374,339,78
41,42,A12,Kępa Mieszczańska,11606,7805,17414,17601,0,0,457,407,1261,1301,469,426,592,1078,1139,330
42,43,A49,Elektrociepłownia,39924,964,545,77679,0,0,17,16,487,16,165,78,1234,226,278,52
43,44,44,Długa (ZDiUM/Tesco),8014,30926,0,20375,0,0,0,0,730,0,269,191,985,556,548,191
44,45,A49,Starogroblowa,760,2277,558,524,0,181,14,12,861,12,339,365,51,574,643,382
45,46,46,Poznańska,429,1811,71565,102,1163,0,2140,2044,2349,2425,1104,852,1205,1070,1183,426
46,47,47,Zachodnia,8800,4912,198190,60,1268,526,4611,4421,5168,5335,2375,1635,5453,2009,2366,704
47,48,48,Szczepin,9764,6786,187597,35,583,0,3715,3535,1818,3649,739,165,1992,852,1148,217
48,49,A17,Braniborska,12763,49080,45394,764,708,109,997,968,2357,2433,948,948,1685,2383,2262,991
49,50,50,Bolesławiecka,14230,27618,167799,68,49,0,4032,3831,2453,3955,1044,1131,2049,1365,1618,965
50,51,A49,Robotnicza,5360,12461,3167,227,0,0,160,153,391,157,147,113,602,356,339,17
51,52,A49,Góralska,26260,36160,4067,70392,0,0,148,142,861,146,426,321,2588,1722,1670,417
52,53,53,Stalowa/Fadroma,7242,9898,109651,25250,0,0,2311,2104,4367,2172,1870,1052,904,1270,1600,461
53,54,54,Oporowska,4076,4012,360515,2917,79,0,9158,8680,4715,8961,2070,1226,3696,1757,2018,765
54,55,55,Zaporoska,1000,4104,213457,14001,515,0,5229,5009,3915,5171,1540,739,1561,1487,1696,574
55,56,56,Mielecka,0,4443,105481,168,138,0,2590,2467,1296,2547,504,287,630,582,669,165
56,57,57,Gajowicka,0,2537,186107,169,549,0,4648,4391,2905,4533,1235,617,1444,1139,1200,400
57,58,58,Pretficza,12784,7158,91189,60,1045,0,2207,2111,4150,2179,1922,1235,5062,2636,2879,809
58,59,59,Pl. Powstańców Śl.,49690,577,149680,126,0,462,2285,2184,4593,2254,1714,1661,1688,2488,2827,1052
59,60,60,Sky Tower,66619,61172,105175,112,0,0,1787,1714,1957,2020,878,487,10632,2357,2836,504
60,61,61,Wiśniowa,6703,4720,148895,375,420,0,3274,3113,2166,3213,896,991,1388,948,1183,896
61,62,62,Wielka,4649,4438,194676,43,666,0,3411,3296,313,3402,130,60,1197,95,208,17
62,63,63,Wzg. Andersa/Aquapark,74,11712,0,0,0,0,0,0,43,0,17,52,115,17,17,43
63,64,A53,Park Andersa,2655,5495,1879,1183,907,0,76,76,1835,78,878,861,473,913,1026,826
64,65,65,Glinianki,19,1419,470002,345,1023,0,11407,10864,11893,12278,4941,2975,2104,3401,4498,1357
65,66,66,Śliczna,658,5174,279808,51,1260,0,6450,6147,4010,6346,1452,487,3092,1305,1592,295
66,67,67,Hubska,35611,1462,113805,187,1505,1386,2049,1951,2801,2014,1122,1096,6718,1479,2122,1052
67,68,68,Bardzka,8456,62810,101997,4350,0,0,2330,2169,1287,2239,417,226,1723,478,495,139
68,69,69,Nyska,16432,5884,83654,6674,0,0,1163,1017,3280,1049,1522,1244,1836,1365,1444,765
69,70,A48,Krakowska,25325,72289,9784,87187,280,401,193,182,1479,187,478,582,2827,1000,1000,678
70,71,A23,Na Grobli,17263,3029,913,37766,0,1254,24,24,861,24,278,234,580,669,722,348
71,72,A23,Rakowiec,4043,811,41046,644,0,0,639,584,1392,602,461,408,579,539,548,435
72,73,A6,Hala Stulecia/Zoo,29929,2158,722,15,0,0,11,9,678,9,278,382,293,983,1157,469
73,74,A1,Wittiga,3443,623,68132,36,0,0,786,694,0,2186,0,0,313,0,0,0
74,75,A1,Tramwajowa,1222,3655,30534,2054,0,157,468,448,0,462,0,0,258,0,0,0
75,76,A6,Park Szczytnicki,221,11464,6682,621,0,182,61,60,1357,61,374,313,264,617,461,234
76,77,A6,Parkowa,6598,2546,44181,38,1092,1086,560,530,417,547,156,261,1027,391,426,243
77,78,A5,Zacisze,10859,11133,124752,4666,0,0,1850,1749,1365,1805,374,243,1191,556,321,261
78,79,A6,Zalesie,697,1401,103762,286,421,0,1341,1284,1583,1634,469,252,594,522,426,147
79,80,A58,Stadion Olimpijski,2096,4098,7691,624,0,2610,222,222,3958,4086,1740,1600,908,2009,1661,1122
80,81,81,Sępolno,1148,3283,137197,27,0,0,2852,2690,2044,2777,669,382,625,826,748,243
81,82,A1,Kazimierska,444,1254,37122,204,369,0,759,713,1191,736,374,147,215,400,522,69
82,83,83,Spółdzielcza,0,643,138050,295,455,0,2850,2711,0,2798,0,0,1002,0,0,0
83,84,84,Bartoszowice,9168,4990,94005,8741,0,0,1539,1434,1748,1804,739,478,1021,374,208,208
84,85,85,Biskupin,1777,705,167479,185,0,0,2772,2630,3401,2715,957,321,706,896,991,234
85,86,A1,UPrzyrodn.,77,77,21074,106,197,1424,286,279,0,288,0,0,370,0,0,0
86,87,A1,Chełmońskiego,3067,2593,44655,80,0,344,641,614,0,633,0,0,329,0,0,0
87,88,A49,Port Miejski,4576,1091,469,3920,0,0,14,13,600,13,243,417,250,487,278,278
88,89,89,Kleczków,17594,1932,59433,291,0,0,1551,1490,896,1538,382,269,1653,591,435,165
89,90,A48,Leclerc/ZNTK,23894,2982,23120,2451,0,0,667,584,5020,5182,991,652,2249,2827,2331,591
90,91,A8,Kromera,17944,23266,122366,7969,0,0,1833,1666,591,1720,391,313,1799,391,495,200
91,92,A8,Brucknera,0,7535,21858,157,1244,0,368,354,1505,365,661,478,533,443,234,304
92,93,93,Długosza/Grudziądzka,20547,18701,119976,42956,0,0,2560,2362,6464,2438,2549,2523,1756,3306,2940,1870
93,94,94,Pl. Piłsudskiego,4187,1338,136167,1305,500,0,2223,2091,0,2158,0,0,1510,0,0,0
94,95,95,Przybyszewskiego UWr,3377,5645,140391,833,390,1458,3943,3696,1357,3815,582,626,1020,774,991,600
95,96,A26,Koszarowa,11761,3063,13158,1416,0,2502,319,307,0,316,0,0,1484,0,0,0
96,97,97,WSO Czajkowskiego,0,0,1,0,0,1086,0,0,1009,0,208,139,487,626,548,200
97,98,98,Karłowice,2970,924,156844,928,0,45,2520,2381,0,2458,0,0,944,0,0,0
98,99,99,Pola,0,879,108816,859,0,0,2027,1910,2044,2110,861,652,606,756,522,487
99,100,100,Różanka,472,11669,273122,255,1525,0,6541,6250,1244,6452,669,696,1523,208,147,261
100,101,101,Łużycka,10,1877,93837,102,0,0,1474,1407,635,1452,252,156,496,339,208,147
101,102,A49,Cm. Osobowicki,449,1070,838,39,0,0,22,21,904,21,208,52,38,226,365,69
102,103,103,Bezpieczna/Parnickiego,2554,21208,181838,584,492,0,4938,4700,8439,8712,3488,2818,1351,3149,2540,1861
103,104,A49,WSO Obornicka,9368,7171,9920,2018,0,0,31,28,2053,28,843,626,962,2296,1931,635
104,105,105,Wołowska,25024,7185,103595,21640,48,0,2698,2518,1748,2599,582,339,1959,957,809,295
105,106,A49,Wrozamet,15406,5229,6825,84291,548,0,163,154,4454,158,1922,1722,1156,2853,1896,1244
106,107,107,Kamieńskiego,1024,91,71611,1290,0,0,1945,1821,261,1880,130,200,5179,182,104,147
107,108,A24,Milicka,417,4606,56708,4917,0,0,763,720,478,743,113,69,583,243,113,113
108,109,A25,Poświętne,1906,375,44431,1120,0,0,935,842,0,869,0,0,517,0,0,0
109,110,110,Paprotna,9854,75790,0,10127,0,0,0,0,78,0,17,130,1219,356,208,156
110,111,111,Ślazowa,35,35,0,11,0,0,0,0,191,0,17,147,22,174,121,121
111,112,A46,Lipska,325,916,73499,75,0,0,1503,1323,1017,1365,191,182,335,426,269,226
112,113,A46,Osobowicka,2869,470,54692,5402,125,0,1222,1113,1113,1149,382,556,659,426,435,478
113,114,114,Hala Orbita,0,3602,0,1266,0,0,0,0,339,0,139,469,1,243,208,513
114,115,A49,Port Popowice,3057,756,7090,6480,0,0,268,258,1940,266,756,643,54,669,609,417
115,116,116,Wejherowska,205,6548,135280,340,1175,71,4092,3898,1331,4024,339,139,1580,461,652,147
116,117,117,Popowice,19892,2702,152124,397,0,0,2495,2329,2270,2404,756,1165,1390,1705,1618,948
117,118,A49,Przedmiejska,3108,4192,471,155,0,0,11,10,600,619,217,174,193,278,565,78
118,119,A49,Wzgórze Mikołajskie,49114,8442,33076,4414,0,272,670,602,878,906,261,313,5868,1183,1383,400
119,120,A49,CH Magnolia,11317,169700,2329,12527,0,0,57,53,1174,54,635,348,814,1296,1861,400
120,121,121,Kwiska,7983,15380,110416,70,0,0,2949,2793,1531,2883,678,626,1007,991,1026,478
121,122,A49,Bystrzycka,3689,11049,26845,13895,0,0,567,526,2244,543,1139,765,629,1017,1270,635
122,123,123,DSW/WSB,37260,377,0,3432,0,1139,0,0,182,0,60,339,1642,1218,1278,408
123,124,124,Wrocławski park Przemysłowy,27660,5358,0,277132,108,0,0,0,2192,0,765,870,3234,3541,3036,800
124,125,A51,Otyńska,43739,31518,5865,3222,0,0,139,134,261,138,226,130,1487,756,809,121
125,126,A51,Hutmen/FAT,29067,26491,132,115455,0,0,15,14,3167,14,1131,1592,2548,2444,1774,1278
126,127,127,Inżynierska,4253,1695,79002,440,0,0,1220,1140,0,1176,0,0,946,0,0,0
127,128,128,Pl. Bzowy,450,163,88071,209,179,0,2091,1974,0,2038,0,0,542,0,0,0
128,129,129,Al. Pracy,5716,1710,136419,172,858,0,2941,2775,3219,3323,1148,687,1016,1496,1531,478
129,130,130,Ostrowskiego,53695,7851,74475,32201,0,634,2169,2066,287,2133,191,200,6311,356,278,252
130,131,131,Grabiszynek,398,1494,161768,76,0,0,2597,2440,809,2519,139,43,1517,330,408,78
131,132,132,Blacharska,127,596,181124,213,318,0,2707,2440,4576,4724,1757,1131,913,1435,1113,756
132,133,133,CH Borek,0,33849,0,0,0,0,0,0,1000,0,356,417,72,443,243,234
133,134,134,Pl. M. Anielewicza,1229,1574,79021,31,0,0,1299,1222,0,1261,0,0,425,0,0,0
134,135,135,Borek,16241,5207,193863,500,650,0,3827,3671,4254,4391,1853,1513,2386,1722,1827,974
135,136,A40,Park Południowy,25574,8529,2362,315,768,0,35,35,1383,36,530,835,588,835,765,652
136,137,137,Januszowicka,12887,632,114773,93,339,0,2229,2115,1113,2183,478,287,1347,522,548,147
137,138,138,Sudecka,7873,4164,173309,262,244,0,2938,2799,1139,2889,495,382,2516,617,609,408
138,139,139,Weigla Szpital,38902,4604,126294,3278,0,0,2514,2374,6734,2451,2253,1940,17646,3532,3219,1452
139,140,A53,Akademia Medyczna,5104,220,11458,601,0,2172,288,277,4846,285,2062,1861,4126,3636,2488,1322
140,141,141,Jabłeczna,7803,6649,186314,3303,0,0,5168,4894,4150,5052,1096,487,1146,1183,1644,304
141,142,142,Długopolska,5653,1810,242320,231,0,0,3931,3563,1627,3678,530,382,1482,400,435,261
142,143,143,Gaj,5169,4146,278401,164,890,0,7131,6772,7369,7608,3123,2227,1739,2671,2879,1139
143,144,144,Ferio Gaj,374,19777,208543,197,0,0,3691,3266,6177,3371,2523,1679,1493,1339,1235,548
144,145,A45,Bardzka Cmentarz,0,11,1124,0,0,0,16,15,1061,15,417,522,687,287,234,443
145,146,A45,Tarnogaj,33782,12295,54958,13421,0,0,837,684,4419,706,1757,1244,1971,2079,1809,643
146,147,147,Celtycka,0,534,112078,53,0,0,1433,1352,1313,1395,452,200,379,287,330,113
147,148,148,Kolista/Modra,24,2425,153640,368,467,0,2912,2750,3880,4005,626,269,825,1070,426,217
148,149,149,Kozanów Stary,11081,906,228895,69,0,0,5025,4806,1365,4961,548,234,876,487,287,174
149,150,150,Kozanów Nowy,544,3128,266465,244,513,0,6719,6389,3401,6596,887,374,1579,930,1035,226
150,151,A30,Dworska,167,580,78437,105,24,0,1883,1724,635,1779,278,269,591,330,226,147
151,152,A30,Stadion,168,168,645,6,0,0,16,14,165,14,87,60,133,147,165,69
152,153,153,Pilczyce,4871,4387,99246,331,262,0,2735,2573,1174,2656,469,200,1124,461,495,113
153,154,154,Hutnicza,1184,1407,98177,201,558,0,2923,2799,2531,2889,548,130,4516,687,539,113
154,155,A51,Metalowców,15950,1461,5453,73678,0,0,145,131,6351,135,4332,3332,2594,2462,2053,1566
155,156,156,Bajana,492,27412,342630,463,0,0,6614,6120,2505,6318,904,452,1731,669,817,217
156,157,157,Os. Kosmonautów,279,2936,310237,306,0,0,6148,5734,6542,6754,2331,1017,1021,1540,1444,408
157,158,158,Astra,431,43489,239538,453,774,0,4307,4070,5098,4202,1627,1165,6230,1809,2671,783
158,159,159,Hermanowska,1152,709,54579,5896,0,0,1059,995,1157,1194,348,191,325,348,321,139
159,160,160,Kuźniki,9,1805,213884,356,655,0,4406,4163,3523,4298,1287,565,1014,1113,974,348
160,161,A51,Szczecińska,8222,1534,37,12261,0,0,4,4,2444,4,1035,1392,1549,896,756,1348
161,162,A51,Park Tysiąclecia,32,176,22991,11,0,0,449,420,487,502,121,52,102,313,200,78
162,163,163,Rogowska,4732,5694,291972,223,1277,0,7863,7439,4324,7680,1540,1009,1973,1444,1513,617
163,164,164,Nowy Dwór,141,5097,203799,84,992,0,5757,5484,1905,5661,652,191,1360,661,930,191
164,165,165,Nowodworska,166,4225,108418,122,0,169,2771,2592,2149,2676,678,487,786,1009,722,269
165,166,A51,Wrocławski Park Technologiczn,61777,21766,1050,35152,0,0,11,11,1914,11,843,1174,2377,2262,2314,1052
166,167,A51,Klecińska,577,1288,1547,1096,0,0,10,10,374,10,174,104,27,374,539,147
167,168,168,Muchobór Mały,2190,1196,172994,200,435,0,3071,2915,2122,3009,861,443,1142,887,1122,330
168,169,169,Strzegomska Muchobór,55,10565,225003,440,899,0,5098,4850,3575,5007,1392,1113,1560,1061,1035,548
169,170,A34,Wańkowicza,0,3459,44184,11,0,0,464,441,3349,455,852,748,437,1287,826,696
170,171,A51,C.H. Factory,5308,43217,1547,3322,0,0,889,701,1444,1490,478,661,547,852,696,495
171,172,A34,Mińska/Tyrmanda,5804,5418,94583,326,0,0,1952,1767,2444,1824,756,904,533,843,269,661
172,173,A33,Muchobór Wielki,2473,6857,68720,38,0,0,1260,1158,0,1195,0,0,455,0,0,0
173,174,A51,Pińska,3622,6130,4306,2841,450,0,73,71,2514,73,843,913,894,826,304,669
174,175,175,Krzemieniecka,6426,9249,81325,5345,0,0,1112,1010,1435,1481,522,478,3012,617,356,295
175,176,A37,Lasek Oporowski,22,22,549,93,0,0,9,9,704,9,374,313,3,678,443,382
176,177,177,Avicenny (Poczta),2922,253,483,1335,0,0,0,0,0,0,0,0,26,0,0,0
177,178,A37,Solskiego,1426,4978,81596,80,0,0,1171,1084,0,1119,0,0,625,0,0,0
178,179,A37,Aleja Piastów,1734,1535,104681,51,335,0,1473,1388,1244,1433,461,452,645,591,609,339
179,180,180,Oporów,6613,10081,165779,2899,391,0,2361,2219,0,2290,0,0,1388,0,0,0
180,181,181,Wiejska,4693,1863,83475,6669,0,0,1954,1833,2488,2568,730,1052,689,1131,365,713
181,182,182,Kwiatkowskiego,7702,152,0,17257,0,0,0,0,0,0,0,0,1002,0,0,0
182,183,183,Giełda T-R,10767,35461,0,118,0,0,0,0,635,0,243,191,1341,435,400,217
183,184,A38,Karmelkowa,6,222,61443,212,329,0,847,774,0,799,0,0,226,0,0,0
184,185,A38,Klecina,1922,6375,78037,1893,0,0,1231,1103,3654,3772,991,1070,738,1435,609,661
185,186,186,Cukrowa,3024,864,118681,164,0,0,2155,1942,0,2004,0,0,591,0,0,0
186,187,187,Czekoladowa,680,511,187193,131,0,0,2156,2045,878,2111,208,104,541,321,382,87
187,188,188,Auchan rondo,100,100,0,1088,0,0,0,0,0,0,0,0,8,0,0,0
188,189,189,Auchan,68,6517,0,68,0,0,0,0,113,0,60,17,107,147,348,43
189,190,A52,Supińskiego,3561,9,3219,2275,0,0,41,41,1574,42,365,261,598,617,504,304
190,191,A52,Kobierzycka,6777,210,828,12362,0,0,24,24,0,24,0,0,312,0,0,0
191,192,A41,Karkonoska,14547,20231,37445,638,0,0,759,678,4028,699,1339,1566,1448,1278,930,1148
192,193,A40,Wyścigowa,12573,26763,55851,1779,0,0,498,476,2062,491,1000,783,1803,904,582,504
193,194,A40,Wojszycka,2127,5865,119229,106,324,0,1454,1388,1653,1706,730,548,861,582,452,356
194,195,A40,Krzyki,593,7520,126351,82,0,0,1620,1555,2418,1605,1017,539,1441,1044,1070,400
195,196,196,Os. Przyjaźni,1318,4032,211458,97,0,0,2273,2051,2314,2389,1131,843,643,965,843,565
196,197,197,Krzycka,890,1335,243047,273,0,0,3647,3139,3549,3664,617,443,1681,1409,870,478
197,198,A39,Racławicka,50,50,34788,451,0,0,503,421,4106,434,1609,1044,207,1540,1044,652
198,199,199,Wietrzna,1876,105,211021,420,0,0,3486,3145,0,3247,0,0,1081,0,0,0
199,200,A39,Skarbowców,17615,3551,102427,909,343,272,1547,1465,3149,1512,1209,1183,1211,1191,783,756
200,201,A52,Rędzińska,376,1242,41933,51,0,0,758,676,200,697,69,113,142,165,60,139
201,202,202,Maślice Małe,0,782,107119,137,0,0,1898,1727,3219,1783,826,765,373,1009,487,504
202,203,A50,Warciańska,37,286,11222,2,0,0,209,201,0,207,0,0,91,0,0,0
203,204,A50,Suwalska,557,1789,172,18,391,0,47,41,0,42,0,0,156,0,0,0
204,205,205,Maślice,498,3360,126470,7085,0,0,2485,2162,4872,2232,1766,1435,554,1235,800,626
205,206,A47,Hammilton Centrum,211,115,728,5085,0,0,13,11,1339,11,635,574,132,530,217,408
206,207,A47,Lubelska,1646,2335,53932,4578,173,0,1019,903,817,932,374,295,218,356,243,200
207,208,A47,Pracze Odrzańskie,1764,2239,60001,92,0,0,1155,1079,1000,1114,469,304,276,504,408,174
208,209,209,Rz. Łękawica,0,0,844,0,0,0,0,0,0,0,0,0,3,0,0,0
209,210,210,Janówek,5,5,0,432,0,0,0,0,0,0,0,0,0,0,0,0
210,211,A50,Glinianki,162,1065,16327,0,0,0,295,282,678,291,391,339,90,287,208,382
211,212,A50,Grabowa,61,61,19404,297,0,0,450,425,0,438,0,0,63,0,0,0
212,213,A50,WUWA2,441,441,2574,0,0,0,90,80,374,82,165,261,11,408,191,321
213,214,A50,Żernicka,0,0,471,0,0,0,9,9,321,9,191,156,1,339,243,156
214,215,215,Szpital Stabłowice,68,68,357,0,0,0,0,0,0,0,0,0,3507,0,0,0
215,216,A32,Kamiennogórska,1477,9,71311,111,31,0,1433,1309,2462,1351,548,661,622,704,243,504
216,217,217,Złotniki,19,2793,243921,540,379,0,3496,3276,2062,3382,426,269,916,565,556,139
217,218,218,Starogajowa,0,531,119591,74,324,0,1848,1748,1870,1930,548,365,527,722,530,321
218,219,219,Stabłowice Działki,267,267,168827,62,0,0,3822,3153,3793,3916,861,635,354,1096,626,443
219,220,A50,Stabłowice,8,1790,63330,10,0,0,910,845,0,872,0,0,226,0,0,0
220,221,221,Chwiałkowska,277,1848,165519,71,0,0,2497,2251,3410,2324,1148,991,834,722,548,495
221,222,222,Wel-Tex,6998,1944,168878,28287,141,0,2874,2465,1278,2544,591,722,1115,461,78,408
222,223,A50,Marszowice,99,119,29678,445,0,0,586,554,756,571,269,287,84,165,60,130
223,224,A50,Gwizdanowska,30,30,4532,10,0,0,27,25,939,25,330,304,4,435,200,278
224,225,A50,Marszowice cmentarz,792,26,2556,0,0,0,15,15,0,15,0,0,1,0,0,0
225,226,A50,Marszowice Malownicze,7,7,57125,10,0,0,884,754,0,778,0,0,207,0,0,0
226,227,A50,Las Mokrzański,0,336,8576,8,0,0,196,186,95,192,17,113,20,121,0,95
227,228,228,Krępicka,1287,1961,153260,1346,857,0,3446,3129,1670,3230,730,295,575,426,817,330
228,229,229,Jeleniogórska,434,2222,141546,802,0,0,2434,2300,548,2374,348,191,597,182,243,78
229,230,A31,Leśnica,5086,13810,71393,6768,0,0,1382,1299,1278,1341,461,530,792,435,452,374
230,231,A32,Wielkopolska,7104,2949,28724,13,0,0,632,595,0,614,0,0,147,0,0,0
231,232,A31,Skoczylasa/Rubczaka,61,1192,71327,114,0,0,1472,1384,652,1428,313,113,319,182,252,113
232,233,A50,Wojska Polskiego,0,0,2724,1306,0,0,45,43,0,44,0,0,3,0,0,0
233,234,234,Pustki,0,312,68189,133,0,0,1504,1417,1548,1598,835,756,648,530,426,504
234,235,A50,Mokrzańska,421,784,30376,42,0,0,772,726,0,749,0,0,116,0,0,0
235,236,236,Kresowa,0,0,0,0,0,0,0,0,278,0,113,226,0,43,0,165
236,237,237,Lutyńska,0,0,0,0,0,0,0,0,0,0,0,0,0,0,0,0
237,238,A50,Żar,1,121,12350,1227,0,0,201,187,0,193,0,0,57,0,0,0
238,239,239,Las Ratyński,58,58,2468,10,0,0,0,0,0,0,0,0,1,0,0,0
239,240,A35,Ratyń,3,267,32403,39,0,0,461,413,1774,426,556,556,86,826,417,234
240,241,A35,Jarnołtów,644,938,28874,17,0,0,464,439,0,453,0,0,147,0,0,0
241,242,A35,Jerzmanowo,1296,1672,54041,4796,0,0,860,811,1322,837,539,478,332,574,269,400
242,243,A50,ZCh Złotniki,1044,789,1721,14707,0,0,38,37,330,38,113,147,150,208,104,95
243,244,A50,Jerzmanowska,896,59,679,10,0,0,16,15,0,15,0,0,39,0,0,0
244,245,A50,Jerzmanowska (Baza),6989,31014,558,2056,0,0,5,5,1044,5,495,678,1479,617,269,469
245,246,A50,Przybyły,6410,5144,5118,253,0,0,106,94,478,97,243,252,316,139,69,174
246,247,247,Żerniki,1115,3140,213613,3283,266,0,3779,3485,2175,3598,843,556,1113,1313,652,417
247,248,A36,Graniczna/Zagłoby,60,60,192,44,0,0,6,5,0,5,0,0,151,0,0,0
248,249,A36,Strachowicka,140,3229,10415,16,0,0,118,114,0,117,0,0,104,0,0,0
249,250,A35,Osiniec,54,1523,10607,25,0,0,178,168,0,173,0,0,38,0,0,0
250,251,A36,Rdestowa,699,72,2671,0,0,0,20,18,0,18,0,0,38,0,0,0
251,252,A36,Strachowice/Port Lotn.,6896,7637,23280,2776,0,0,384,364,3132,375,948,783,769,2296,1113,722
252,253,253,Graniczna/Rakietowa,103,0,413,26,0,0,0,0,704,0,208,313,298,617,348,313
253,254,A36,Tor Rakietowa,0,0,243,62,0,0,22,20,0,20,0,0,3,0,0,0
254,255,A41,Partynice,8154,6759,78329,117,0,0,1078,946,1827,1886,722,635,936,974,783,530
255,256,256,Maczka,948,4284,146878,49,0,0,2617,2279,17,2352,0,17,874,17,17,17
256,257,A42,Agrestowa,3055,3775,89132,587,0,0,1001,914,1792,1850,739,504,495,713,669,295
257,258,258,Strachowskiego,1119,3733,181251,172,0,0,2034,1889,7508,1950,2827,1905,1179,1879,1209,965
258,259,259,Kurpiów,270,1139,187920,189,444,0,2153,1944,1540,2007,530,356,732,443,400,243
259,260,A42,Ołtaszyn,510,1366,131984,1047,0,0,1713,1600,2453,1651,1348,991,604,765,626,643
260,261,261,Wojszyce,3270,6988,155867,114,329,0,2100,1930,8831,1992,3088,2636,828,2218,1670,1444
261,262,262,Parafialna,807,638,223100,151,0,0,2865,2549,1905,2631,522,478,817,678,635,321
262,263,A42,Roweckiego-Grota,182,3799,72054,277,0,0,813,724,3297,747,1226,1305,439,1131,539,783
263,264,A43,Lamowice,36,2356,17968,19,0,0,184,170,0,175,0,0,82,0,0,0
264,265,A43,Asfaltowa,1372,4316,10289,158,0,0,220,187,365,376,113,121,132,165,78,87
265,266,266,Vivaldiego,29,1568,191729,96,0,0,3483,2844,1148,2936,643,704,655,495,87,461
266,267,A43,Jagodno,55,6423,100753,187,0,0,1700,1479,0,1526,0,0,418,0,0,0
267,268,A43,Buforowa,1618,2665,0,6786,0,0,1,1,1557,1,582,643,381,722,287,408
268,269,269,Wileńska,358,2096,91236,65,0,0,2544,2280,2009,2353,1044,1035,247,582,408,461
269,270,270,Brochów,611,2532,129800,1436,311,0,3246,2886,0,2979,0,0,1146,0,0,0
270,271,A44,Koreańska,39,1012,87006,155,0,0,1561,1462,0,1509,0,0,335,0,0,0
271,272,A44,Bieńkowice,1179,429,27768,1321,0,0,494,470,0,485,0,0,214,0,0,0
272,273,A22,Brochowska,6446,3943,1181,26,0,0,24,23,1948,23,261,252,150,1174,661,295
273,274,A22,Tyska,1063,32315,5128,21945,0,0,190,184,0,189,0,0,787,0,0,0
274,275,A22,Popielskiego,2812,4562,50029,17881,0,0,1017,842,2105,2173,730,469,942,696,461,234
275,276,A21,Księże Wielkie,36,1580,40032,22,0,0,819,765,678,789,269,104,191,356,356,87
276,277,A21,Księże Małe,4232,12185,56059,2625,248,0,1075,956,43,987,17,17,830,43,17,0
277,278,278,Karwińska/Krakowska,12260,1883,0,329,0,0,0,0,3436,0,1235,1392,917,1914,1270,774
278,279,A52,Bierdzany/Wilcza/park Wschodni,4083,85,3636,6458,0,0,64,63,287,65,121,200,91,530,348,147
279,280,A52,Świątniki/Nowy Dom,1094,766,5817,383,0,0,87,86,1888,88,730,426,29,591,800,252
280,281,A52,Opatowice,909,1146,9126,20,0,0,90,86,95,98,69,78,299,69,17,87
281,282,A20,CH. Korona,603,86280,7618,1354,0,0,57,55,687,56,234,217,616,522,435,182
282,283,A20,Mirowiec,3267,15014,59195,1134,0,0,959,896,539,925,252,217,734,522,565,226
283,284,A20,Kościerzyńska,1495,6268,620,18045,0,0,5,5,609,5,261,539,401,669,504,582
284,285,A20,Kowalska/Kwidzyńska,18,18,2869,10,0,0,58,58,0,59,0,0,38,0,0,0
285,286,286,Kowale,3761,5538,72455,2209,135,0,1161,1080,0,1115,0,0,1315,0,0,0
286,287,A19,Kowalska/3M,3460,75,987,137684,0,0,30,28,0,28,0,0,1234,0,17,0
287,288,A19,Volvo,33463,7739,1508,86099,0,0,37,33,478,34,243,182,4659,565,574,234
288,289,289,Kowalska/3M,2179,545,0,67027,0,0,0,0,226,0,104,95,502,1078,652,165
289,290,A19,Swojczyce,1521,1553,32386,2037,0,0,430,406,200,419,17,43,191,348,147,69
290,291,A19,Betonowa,1235,832,48396,9449,0,0,862,697,2131,2200,609,495,420,1113,574,269
291,292,292,Strachocin,694,2452,187665,1033,0,0,2618,2442,687,2521,165,121,921,243,261,60
292,293,A7,Wojnów,231,3085,119391,193,260,0,1626,1539,0,1588,0,0,685,0,0,0
293,294,A7,Perkusyjna,0,0,32450,19,0,0,695,600,0,619,0,0,106,0,0,0
294,295,A19,Wschodnia/Bartnicza,887,0,3075,14,0,0,70,67,243,69,78,78,35,174,87,78
295,296,A18,Mroźna,279,0,17839,261,0,0,262,255,287,296,69,104,94,339,217,156
296,297,A18,Zgorzelisko,83,1416,73892,0,0,0,1210,1130,1879,1166,330,182,355,617,348,113
297,298,A18,Kiełczowska/Szewczenki,0,0,1949,8,0,0,10,10,382,10,200,269,5,174,52,165
298,299,299,Litewska,72,6882,311826,373,684,0,8103,7615,2592,7862,722,330,1569,783,878,243
299,300,300,Psie Pole,2784,6409,105432,90,260,0,2679,2558,7125,2640,2836,3001,843,1879,1270,1566
300,301,A18,PZL Hydral/LZN,70338,14,3069,41852,0,0,78,72,139,74,113,52,1075,43,60,52
301,302,302,Cm. Kiełczowski,861,1442,0,43606,0,0,0,0,1592,0,504,574,38,1574,870,765
302,303,A53,Łącznik Długołęka/Odolano,65,1139,47978,57,0,0,923,758,1052,1086,330,435,155,522,156,487
303,304,304,Osiedla Sobieskiego,222,3239,246864,512,564,0,6068,5370,8117,5544,3367,2888,974,2340,1444,1574
304,305,305,Zakrzów,10126,7214,177945,2547,27,0,3334,3139,617,3240,234,78,2034,278,252,78
305,306,A27,Polar,12679,1787,27715,136622,0,0,591,549,3515,566,1270,1270,4274,1731,870,1113
306,307,A27,Piwnika-Ponurego,74,74,19171,0,0,0,595,568,0,586,0,0,78,0,0,0
307,308,308,Pawłowice,1060,986,134502,2109,134,0,2177,2042,800,2108,269,165,450,313,191,182
308,309,309,Węzeł Pawłowice,0,0,0,0,0,0,0,0,0,0,0,0,0,0,0,0
309,310,310,Starodębowa,0,0,0,0,0,0,0,0,0,0,0,0,0,0,0,0
310,311,A27,Kłokoczyce,165,485,24360,1199,0,0,415,384,2018,396,617,487,184,617,487,478
311,312,A26,Poprzeczna,2031,3369,46542,13490,0,0,1265,1102,896,1137,495,574,637,295,313,348
312,313,313,Sołtysowice,316,1462,163166,1011,288,0,2418,2238,896,2310,217,208,942,591,539,234
313,314,A25,Polanowice,609,1384,60369,46,0,0,964,893,1191,1229,295,295,389,417,182,243
314,315,A49,Węzeł Widawa,21019,14962,708,23609,0,0,19,19,1139,19,600,974,849,1531,1191,965
315,316,A49,Centrostal,4263,15280,8401,3735,0,0,205,190,461,196,78,147,770,391,287,113
316,317,317,Cholewkarska,48,1269,574,84,0,0,1,0,0,0,0,0,13,0,0,0
317,318,A28,Widawa,3394,9352,65729,2240,0,0,877,839,1809,866,591,904,387,591,426,730
318,319,A28,Kominiarska,1736,6513,38818,2661,0,0,811,729,0,752,0,0,436,0,0,0
319,320,A29,Lipa Piotrowska,4,4573,18603,976,0,0,396,373,0,385,0,0,164,0,0,0
320,321,A29,Kminkowa,555,87,65938,20,0,0,1123,913,339,942,113,52,211,217,165,17
321,322,322,Zalipie,13,13,703,0,0,0,0,0,0,0,0,0,0,0,0,0
322,323,A52,Świnary,1248,757,37586,1409,38,0,721,677,2070,698,774,565,195,626,504,461
323,324,324,Wrzosowa,0,0,0,0,0,0,0,0,0,0,0,43,0,34,17,43
324,325,325,Kaczeńcowa,0,0,0,0,0,0,0,0,0,0,0,0,0,0,0,0
325,326,A52,Rędzin,32,452,17904,32,0,0,290,273,443,281,139,356,54,121,52,365
326,327,A52,Las Rędziński,0,0,733,12,0,0,4,4,461,4,234,243,0,191,130,139
327,328,328,Zapotocze,0,0,0,0,0,0,0,0,0,0,0,0,0,0,0,0
328,329,A52,Lesica,0,0,933,369,0,0,16,13,17,13,43,69,3,26,17,17
329,330,330,Las Lesicki,0,0,167,0,0,0,0,0,365,0,130,226,0,200,87,208
330,331,A13,Podwale/Sądy,66316,411,60421,53,305,0,1094,1049,948,1083,469,443,3347,783,1470,400
331,332,A13,Plac Legionów,25418,241,42442,5027,0,0,837,799,1461,824,652,835,1242,983,965,722
332,333,333,Pułaskiego,18885,4768,225684,57,0,0,3137,2957,2644,3052,1157,800,1673,783,1209,417
333,334,A55,Most Szczytnicki,2545,6054,149471,226,0,1086,1475,1455,1975,2039,878,843,540,1252,1226,678
334,335,335,Krucza,0,3734,164082,190,2693,0,3952,3780,7586,3902,2992,1748,1262,2244,2244,861
335,336,336,Skwierzyńska,410,204,115098,59,768,0,2293,2185,1026,2255,269,200,665,617,835,278
336,337,A45,Ziębicka,24148,5297,58119,23416,0,0,1337,1260,791,1300,278,252,6033,878,756,234
337,338,338,Nyska,9382,6272,142565,9981,266,0,2116,1807,4063,4194,1487,1670,2672,2497,1879,1139
338,339,A48,Arkady,258367,10853,10731,70,0,0,136,131,1661,135,704,1418,693,2096,1835,1296
339,340,340,Trzebnicka,15161,28132,163121,397,287,272,4187,3977,3923,4106,1070,435,1663,1653,1322,295
340,341,341,Drobnera,1682,15083,115476,103,200,0,2130,2022,1409,2087,417,174,1147,913,896,200
341,342,342,Pl. Bema,30766,2906,161643,448,51,0,2544,2384,4306,2461,2070,1313,1863,1766,2175,765
342,343,343,Pl. Powstańców Wlkp.,6462,37,104948,513,0,0,2417,2291,1879,2365,548,174,2761,774,791,217
343,344,344,Pl. Staszica,7926,7156,90829,614,279,0,2451,2311,2227,2385,722,261,774,669,904,182
344,345,A12,UWr/Pl. Maksa Borna,3663,3388,48852,308,0,2316,1036,991,1209,1248,617,661,303,1087,1157,513
345,346,346,Balonowa,1832,10101,102997,23942,183,0,2200,2060,4654,2126,1844,1287,1113,1331,1052,756
346,347,347,Trawowa,48,48,148026,177,0,0,2856,2565,704,2648,208,147,473,321,182,43
347,348,A33,Gagarina,1388,8466,84215,1113,0,0,1422,1196,0,1234,0,0,375,0,0,0
348,349,349,Kunickiego,3886,710,119566,10215,0,0,2119,1882,2932,1943,965,1070,571,1218,652,783
349,350,A10,Plac Solny,123510,42043,82450,568,0,339,1037,987,1139,1175,408,200,9278,1714,2035,182
350,351,A11,Opera,46655,38530,37158,264,286,0,339,328,2262,338,800,1383,3050,3236,4010,1191
351,352,A16,Tęczowa,16765,19066,72611,5071,566,0,1378,1319,3262,1361,1218,1409,792,2862,2949,1122
352,353,353,Na Ostatnim Groszu,661,791,120002,102,823,0,2878,2729,2209,2817,1017,1096,868,756,635,826
353,354,354,Kiełczowska,5054,11826,0,26774,0,0,0,0,0,0,0,0,414,0,0,0
354,355,355,Gorlicka,898,2192,212873,2178,826,0,3994,3394,2253,3504,591,365,1094,739,582,234
355,356,A18,Zielna,160,8586,62068,80,0,0,1295,1199,1583,1634,374,191,658,478,408,304
356,357,A24,Falzmanna,3417,171,80633,1223,0,0,1747,1568,2035,2101,1139,870,314,374,435,495
357,358,358,Mickiewicza,1305,2,103551,77,0,0,2140,2025,1757,2090,461,191,696,539,452,121
358,359,359,Dembowskiego,0,586,135212,196,415,0,2833,2671,2279,2757,1174,774,956,374,495,365
359,360,360,Gersona,0,5429,103450,157,437,0,2619,2491,0,2571,0,0,515,0,0,0
360,361,A21,Rybnicka,2554,5418,48300,7263,0,0,654,603,0,622,0,0,391,0,0,0
361,362,A21,Katowicka,0,4196,73674,149,0,0,1920,1798,0,1856,0,0,354,0,0,0
362,363,363,Plac Zgody,495,9984,243606,699,0,0,4619,4400,2992,4542,1278,983,881,1009,704,426
363,364,A17,Plac Strzegomski,68050,3089,88855,3118,213,0,1945,1852,1305,1912,461,617,1799,1583,1679,478
364,365,365,Królewiecka,0,2578,133574,371,0,0,1977,1670,0,1724,0,0,462,0,0,0
365,366,366,Jelenia,3188,2963,141816,236,552,0,4411,4226,774,4363,287,78,1082,269,400,95
366,367,367,Piastowska,3825,601,216416,69,0,0,4747,4514,2349,4660,730,295,1141,826,1000,243
367,368,368,Prusa/Walecznych,5790,0,171776,3041,0,0,2731,2574,3645,3763,1635,1070,4142,1104,922,478
368,369,369,Ogródki Działkowe Bujwida,56,56,194,0,0,0,0,0,504,0,121,69,1,234,304,43
369,401,A37,Cmentarz Grabiszyński,92,174,2193,702,0,0,19,19,756,19,234,104,13,643,574,78
370,404,404,PolZug,178,0,0,0,0,0,0,0,0,0,0,0,0,0,0,0
371,451,A54,Wittiga Akademiki Teki,0,0,47708,41,0,0,1478,1478,2566,1525,1261,1139,58,626,539,530
372,452,A54,Pauscha Akademiki UP,0,0,19030,0,0,0,55,55,3715,56,1653,1218,11,948,678,574
373,453,A57,Kamienna Akademiki UE,2489,234,17858,361,0,5189,448,448,2062,462,896,861,3536,1687,2314,643
374,454,A56,Wojciecha z Brudzewa Akademiki,0,0,4701,10,0,0,628,628,0,648,0,0,5,0,0,0
