,Unnamed: 0,travel_id,lat,long,time,mean_of_transport,geometry,building_id
0,0,798a9138-afb4-4599-a4a4-b953673a6586,16.9638253,51.1264047,2019-10-27 07:40:00,Pieszo,POINT (16.9638253 51.1264047),414
1,1,798a9138-afb4-4599-a4a4-b953673a6586,16.9607009,51.1276341,2019-10-27 07:48:00,Pieszo,POINT (16.9607009 51.1276341),445
2,2,5e3a9ce9-2285-41d5-a395-a483adbc45f6,16.9577253,51.1265541,2019-10-08 05:00:00,Samochód osobowy jako kierowca,POINT (16.9577253 51.1265541),210
4,4,9cd2247e-4c96-4d73-b81c-7ee752b099ae,16.9697476,51.126557700000006,2019-10-27 18:30:00,Samochód osobowy jako kierowca,POINT (16.9697476 51.12655770000001),521
8,8,bf7ad7dd-c470-41da-88d4-fc6d9543d592,16.9603031,51.1237427,2019-11-05 07:30:59,Komunikacja autobusowa,POINT (16.9603031 51.1237427),670
14,14,3e99ebc8-2518-4a0e-8af8-585f8a3425bc,16.9608293,51.123380700000006,2019-11-13 06:32:14,Komunikacja autobusowa,POINT (16.9608293 51.12338070000001),670
18,18,2c89f875-a36e-4466-81c6-ea5d10c1605b,16.9650717,51.1280167,2019-10-25 06:03:00,Komunikacja autobusowa,POINT (16.9650717 51.1280167),333
20,20,551ed845-e2ec-4c4c-92a0-87f5560df5dd,16.9591797,51.1268743,2019-10-25 04:50:00,Samochód osobowy jako kierowca,POINT (16.9591797 51.1268743),38
30,30,ace63a6f-6650-4e5f-98e5-987bf9882629,16.9630277,51.122910499999996,2019-10-24 07:00:00,Pieszo,POINT (16.9630277 51.1229105),132
34,34,e3831417-75c2-44fc-84a6-d2ed59017ea2,16.9697476,51.126557700000006,2019-10-27 15:00:03,Tramwaj,POINT (16.9697476 51.12655770000001),521
42,42,2f35890b-970a-40a1-98db-7d4f09be383c,16.961908899999997,51.12943129999999,2019-10-25 05:45:00,Pieszo,POINT (16.9619089 51.12943129999999),586
52,52,3862fd33-fe73-4b89-9ab8-97ac5ed62c05,16.9606268,51.1289528,2019-10-21 05:30:00,Tramwaj,POINT (16.9606268 51.1289528),749
60,60,54f3e1aa-5179-4254-a4a0-d1fa19fee989,16.964517100000002,51.1275413,2019-10-24 04:25:00,Pociąg,POINT (16.9645171 51.1275413),736
72,72,425c0fa6-7568-4ff2-a7ec-6ce4e956f941,16.9612924,51.1245834,2019-10-24 04:30:00,Samochód osobowy jako kierowca,POINT (16.9612924 51.1245834),306
86,86,d96ed1db-0b21-4e74-9eb6-232fde240d90,16.9614087,51.1308749,2019-10-26 09:35:00,Hulajnoga elektryczna,POINT (16.9614087 51.1308749),697
89,89,64f75827-afce-4702-94c1-29926adb50f9,16.9660793,51.123142200000004,2019-10-25 06:05:00,Samochód osobowy jako kierowca,POINT (16.9660793 51.1231422),803
90,90,127db4ca-d580-452f-a677-744b7f4da570,16.9652056,51.127138,2019-10-26 16:34:00,Pieszo,POINT (16.9652056 51.127138),737
94,94,28a375b7-76e7-456b-8edb-7be93e5b3449,16.9697476,51.126557700000006,2019-10-25 06:30:00,Samochód osobowy jako kierowca,POINT (16.9697476 51.12655770000001),521
96,96,ff50ac3e-952e-4aad-be80-7de4227935f8,16.9697476,51.126557700000006,2019-10-21 04:20:00,Hulajnoga elektryczna,POINT (16.9697476 51.12655770000001),521
100,100,a7c60b70-d6f4-4667-bf93-de6f943e2703,16.9697476,51.126557700000006,2019-10-24 06:40:00,Tramwaj,POINT (16.9697476 51.12655770000001),521
104,104,f21d2720-e517-45e5-b25a-4191cb08e61c,16.9677959,51.1258725,2019-10-25 05:25:00,Tramwaj,POINT (16.9677959 51.1258725),45
106,106,2f861bea-3c46-47a9-9476-b684cd87d0b9,16.9696122,51.1219101,2019-10-24 06:20:00,Hulajnoga elektryczna,POINT (16.9696122 51.1219101),474
113,113,20c9b9c7-5970-4e3a-829a-96b3b9c61a53,16.9697476,51.126557700000006,2019-10-28 14:30:17,Samochód osobowy jako kierowca,POINT (16.9697476 51.12655770000001),521
126,126,87e9b45c-0adb-4fea-a80d-4d206819b7bc,16.9687768,51.127427399999995,2019-10-24 06:00:00,Samochód osobowy jako kierowca,POINT (16.9687768 51.12742739999999),329
138,138,acb841d0-fbde-4419-b585-ef05e8a3df31,16.9697476,51.126557700000006,2019-10-24 05:30:00,Samochód osobowy jako kierowca,POINT (16.9697476 51.12655770000001),521
148,148,4fbe177f-c4dd-41fe-93c4-30e99e766564,16.960624499999998,51.1243316,2019-10-28 07:21:11,Samochód osobowy jako kierowca,POINT (16.9606245 51.1243316),435
150,150,93e10b8b-d5a1-450b-bf92-c13f19e39185,16.958892499999997,51.1283466,2019-10-28 06:40:43,Samochód osobowy jako pasażer,POINT (16.9588925 51.1283466),723
162,162,1ce95ce6-fe63-454e-8e4c-ff273c5c93a6,16.968219199999997,51.1263605,2019-10-28 07:35:49,Rower prywatny,POINT (16.9682192 51.1263605),756
166,166,13e4bdbb-6364-4e5f-826d-c55b41d6b7ac,16.9634681,51.122676899999995,2019-10-22 10:00:00,Rower prywatny,POINT (16.9634681 51.12267689999999),132
170,170,ae6881ce-69e1-408e-a567-0e77f5e8694b,16.9634681,51.122676899999995,2019-10-28 05:40:21,Rower prywatny,POINT (16.9634681 51.12267689999999),132
190,190,8e70e765-2127-415a-9e47-20d9b4ff3af0,16.962594,51.122743799999995,2019-10-29 06:00:04,Samochód osobowy jako kierowca,POINT (16.962594 51.12274379999999),132
198,198,9efd5886-db8d-4b9c-ab95-f9d35808743b,16.965861800000003,51.1291811,2019-10-29 06:20:09,Samochód osobowy jako kierowca,POINT (16.9658618 51.1291811),22
212,212,e4b6177b-fc64-4559-b371-26ef59763422,16.9728699,51.1251612,2019-10-29 11:15:33,Tramwaj,POINT (16.9728699 51.1251612),607
214,214,70dea79c-0259-4207-8883-073eeb4d8650,16.972179399999998,51.128501799999995,2019-10-29 06:03:02,Komunikacja autobusowa,POINT (16.9721794 51.1285018),42
220,220,0a3e714d-752f-4137-9d65-f7cfc97a45ae,16.9697476,51.126557700000006,2019-10-28 15:00:00,Samochód osobowy jako kierowca,POINT (16.9697476 51.12655770000001),521
231,231,4324edc2-793b-4109-8b08-eb23cd9a7ebe,16.965529800000002,51.1303644,2019-10-30 12:10:00,Pieszo,POINT (16.9655298 51.1303644),684
238,238,2b701223-de99-44cb-851e-ace539d005d8,16.966649,51.1263937,2019-10-28 08:00:00,Tramwaj,POINT (16.966649 51.1263937),746
246,246,95c7cca7-18b5-4957-b442-e08f761aaa06,16.962687300000002,51.1283708,2019-11-01 07:00:57,Samochód osobowy jako kierowca,POINT (16.9626873 51.1283708),195
251,251,e374c6bf-f59c-4f8b-aaca-6e7a6cb3595b,16.9588172,51.1265201,2019-10-03 06:00:00,Rower prywatny,POINT (16.9588172 51.1265201),178
264,264,7aa5cc09-8f42-4e83-8d45-164124b00bc1,16.9697476,51.126557700000006,2019-11-03 16:58:12,Tramwaj,POINT (16.9697476 51.12655770000001),521
269,269,cb04c90f-89c5-41b2-9752-2af91eb6b0b2,16.966906899999998,51.1288926,2019-11-04 08:30:00,Samochód osobowy jako kierowca,POINT (16.9669069 51.1288926),617
273,273,2e48cf07-38a0-416b-883b-eed05e1aee89,16.9697476,51.126557700000006,2019-11-05 06:22:15,Pieszo,POINT (16.9697476 51.12655770000001),521
275,275,59b290e1-8f45-4ee6-b267-2cbcffb19e05,16.9697476,51.126557700000006,2019-11-06 07:50:22,Tramwaj,POINT (16.9697476 51.12655770000001),521
279,279,cc812b74-f6ef-4102-aacf-36a62be65019,16.969083899999998,51.1285278,2019-11-06 06:03:00,Komunikacja autobusowa,POINT (16.9690839 51.1285278),570
286,286,d5bbc43a-6240-4cd7-bc48-567cbc949f09,16.977892999999998,51.126854200000004,2019-11-07 08:23:50,Pieszo,POINT (16.977893 51.1268542),745
299,299,0b4d5bf0-62fc-4338-9549-ee5460c0a2bd,16.960061,51.124065,2019-11-06 07:27:00,Tramwaj,POINT (16.960061 51.124065),435
323,323,2da4cc12-577a-4361-b25a-33cc3fe2e2af,16.9688439,51.1275192,2019-11-07 05:30:00,Tramwaj,POINT (16.9688439 51.1275192),329
327,327,60ab9424-d972-4d9a-874e-8ca24ba74c77,16.95926,51.126315600000005,2019-11-08 10:15:00,Pieszo,POINT (16.95926 51.12631560000001),643
328,328,60ab9424-d972-4d9a-874e-8ca24ba74c77,16.965529800000002,51.1303644,2019-11-08 10:25:00,Pieszo,POINT (16.9655298 51.1303644),684
341,341,9155a2b8-d90d-4ce9-83e2-2529cdf14799,16.962594,51.122743799999995,2019-11-07 08:00:00,Rower prywatny,POINT (16.962594 51.12274379999999),132
343,343,a4731df8-a1ec-4e4a-acda-76c8643db9e6,16.9697476,51.126557700000006,2019-11-05 06:15:00,Komunikacja autobusowa,POINT (16.9697476 51.12655770000001),521
345,345,28324003-3062-441b-984a-1ff319ffc7c0,16.9647341,51.1291055,2019-11-07 09:00:00,Samochód osobowy jako kierowca,POINT (16.9647341 51.1291055),107
357,357,22c071c6-2d6e-453a-bf41-bb9595f37fe4,16.969399300000003,51.1258263,2019-11-12 06:00:48,Samochód osobowy jako kierowca,POINT (16.9693993 51.1258263),289
368,368,fddd0a9d-9bbe-4a74-8ae4-c04b8c9d7266,16.9702013,51.129427299999996,2019-11-12 08:10:00,Tramwaj,POINT (16.9702013 51.1294273),44
451,451,2d7f594b-3cad-48ff-84f6-f90d080dc4cd,16.9697476,51.126557700000006,2019-11-16 08:00:17,Pieszo,POINT (16.9697476 51.12655770000001),521
459,459,be14eb12-c0e5-40ae-b39c-6d71a64c9f12,16.975819935748667,51.1266204,2019-11-17 08:00:00,Tramwaj,POINT (16.97581993574867 51.1266204),496
463,463,538a3610-e8ce-444d-bff7-7b60c9706621,16.9669188,51.126711900000004,2019-11-14 08:00:00,Tramwaj,POINT (16.9669188 51.1267119),754
475,475,06663bf1-2aa9-49fb-8cee-7cdd268819a7,16.9635561,51.1292124,2019-11-14 05:55:00,Samochód osobowy jako pasażer,POINT (16.9635561 51.1292124),498
489,489,61560825-26ed-4ea7-a83f-657a7b347c62,16.9672558,51.1289909,2019-11-12 14:00:00,Samochód osobowy jako kierowca,POINT (16.9672558 51.1289909),617
491,491,181d9f69-e2d6-4cfb-95ce-f1c1feffc7bd,16.9646573,51.127761,2019-11-19 08:00:00,Tramwaj,POINT (16.9646573 51.127761),333
493,493,95384fd3-e87b-48db-8ed2-df5258fe62ab,16.9599315,51.1249391,2019-11-19 11:03:00,Samochód osobowy jako pasażer,POINT (16.9599315 51.1249391),385
499,499,8ac4cf6f-a56c-4069-bf48-56376ee84bb3,16.9672558,51.1289909,2019-11-19 06:05:00,Tramwaj,POINT (16.9672558 51.1289909),617
501,501,939b58cd-ec85-49af-961d-3bbf1b8a3057,16.969083899999998,51.1285278,2019-11-19 14:00:00,Tramwaj,POINT (16.9690839 51.1285278),570
503,503,ab847319-d557-481a-b802-3fd507c5a106,16.966906899999998,51.1288926,2019-11-19 14:34:00,Rower miejski,POINT (16.9669069 51.1288926),617
505,505,5098e2b4-b2c9-49cb-a48e-02c7ed394d09,16.969083899999998,51.1285278,2019-11-19 07:20:00,Tramwaj,POINT (16.9690839 51.1285278),570
507,507,5172cba7-b6d7-4c4a-9583-3121c297f966,16.9629854,51.127565600000004,2019-11-19 16:03:00,Tramwaj,POINT (16.9629854 51.1275656),480
509,509,0a6e460b-dfc6-4ded-b13e-7e7eedc2c522,16.966317999999998,51.1293336,2019-11-19 09:00:00,Tramwaj,POINT (16.966318 51.1293336),22
511,511,586ad0e4-ac4c-4e9a-9aa1-4b3adf96843d,16.9709042,51.122286100000004,2019-11-19 10:00:00,Komunikacja autobusowa,POINT (16.9709042 51.1222861),474
519,519,1f0d551e-40c0-4901-830a-719e38b01077,16.9585158,51.127615000000006,2019-11-18 07:04:00,Komunikacja autobusowa,POINT (16.9585158 51.12761500000001),75
543,543,b9537def-b47a-41b0-8a3e-0e80b1e3e9fc,16.971962100000002,51.125582200000004,2019-11-18 16:20:00,Samochód osobowy jako kierowca,POINT (16.9719621 51.1255822),235
545,545,a4a3c263-326d-45c7-97c8-481758b8b7ef,16.96240609525885,51.13107515,2019-11-18 19:30:00,Pieszo,POINT (16.96240609525885 51.13107515),735
546,546,a4a3c263-326d-45c7-97c8-481758b8b7ef,16.964161800000003,51.1269558,2019-11-18 19:40:00,Pieszo,POINT (16.9641618 51.1269558),304
551,551,99e15785-a232-4eed-a841-12ee5320d5c7,16.957601800000003,51.126650500000004,2019-11-19 08:00:00,Komunikacja autobusowa,POINT (16.9576018 51.1266505),210
553,553,996a94be-b5e7-4767-a942-675cff07c483,16.9622092,51.128617299999995,2019-11-20 07:00:34,Rower prywatny,POINT (16.9622092 51.12861729999999),392
554,554,996a94be-b5e7-4767-a942-675cff07c483,16.9704755,51.1227904,2019-11-20 07:05:34,Rower prywatny,POINT (16.9704755 51.1227904),813
575,575,3923ef2c-070c-4062-b560-837793569835,16.961288800000002,51.128181899999994,2019-11-20 06:25:28,Rower prywatny,POINT (16.9612888 51.12818189999999),280
585,585,2c7f6681-a7fd-4377-9530-0dab0b3e4fce,16.964503,51.12256,2019-11-20 05:21:12,Komunikacja autobusowa,POINT (16.964503 51.12256),801
589,589,7adc9799-19c4-4b00-82ea-80c8d04cb428,16.9707581,51.1219943,2019-11-20 08:00:00,Samochód osobowy jako kierowca,POINT (16.9707581 51.1219943),474
623,623,db9bda4e-20dc-465f-b473-78f744efbcb6,16.960061,51.124065,2019-11-21 07:45:48,Samochód osobowy jako kierowca,POINT (16.960061 51.124065),435
625,625,d03aae9a-ee01-48b7-8dba-11d3dd8824bc,16.9664146,51.122911200000004,2019-11-18 07:30:00,Pieszo,POINT (16.9664146 51.1229112),803
629,629,5e06ef6a-f5d7-4866-a5cc-50917dae7d15,16.9707581,51.1219943,2019-11-18 05:50:00,Komunikacja autobusowa,POINT (16.9707581 51.1219943),474
631,631,965b338f-8105-43f1-9df4-f476cd7ee6f6,16.971268600000002,51.1278905,2019-11-22 13:00:40,Tramwaj,POINT (16.9712686 51.1278905),513
633,633,ce73eda2-e2d4-4ad7-bf5f-2cbcb5c26088,16.9686035,51.1220217,2019-11-19 07:20:00,Samochód osobowy jako pasażer,POINT (16.9686035 51.1220217),806
649,649,20dbbf2a-65a1-430e-a565-f845c6ebe1d6,16.9608293,51.123380700000006,2019-11-21 06:40:00,Komunikacja autobusowa,POINT (16.9608293 51.12338070000001),670
651,651,93363654-d5ec-4125-bffe-7f4f15289f84,16.9630277,51.122910499999996,2019-11-21 08:00:00,Samochód osobowy jako kierowca,POINT (16.9630277 51.1229105),132
653,653,b600266d-db47-4d97-acc7-2c90494a3a63,16.970900699999998,51.1235443,2019-11-22 10:40:00,Taksówka,POINT (16.9709007 51.1235443),726
658,658,e5fb9f0a-fb68-4650-bed2-f6f90b74f16e,16.965529800000002,51.1303644,2019-11-23 12:10:31,Pieszo,POINT (16.9655298 51.1303644),684
659,659,9b0e77ad-5f60-466b-aebc-35bd40af5284,16.968219199999997,51.1263605,2019-11-20 08:00:00,Pieszo,POINT (16.9682192 51.1263605),756
660,660,9b0e77ad-5f60-466b-aebc-35bd40af5284,16.975819935748667,51.1266204,2019-11-20 08:10:00,Pieszo,POINT (16.97581993574867 51.1266204),496
669,669,7614449c-09dd-497b-9162-4031ebe472d8,16.969399300000003,51.1258263,2019-11-22 06:30:00,Tramwaj,POINT (16.9693993 51.1258263),289
675,675,a6ce4567-963d-4cc5-ac99-de6285f2c3ef,16.971590399999997,51.126168,2019-11-20 06:20:00,Tramwaj,POINT (16.9715904 51.126168),395
677,677,6410db3c-bfe0-42d3-9850-359efb0eb849,16.9598772,51.1256777,2019-11-21 06:35:00,Samochód osobowy jako kierowca,POINT (16.9598772 51.1256777),730
679,679,577c1ad7-2a71-44a5-bdee-16473d8e01fa,16.9722857,51.127770500000004,2019-11-22 05:55:00,Samochód osobowy jako kierowca,POINT (16.9722857 51.1277705),637
682,682,6b525a06-e168-4ba0-a641-a48f0ba8b6a2,16.977892999999998,51.126854200000004,2019-11-22 06:18:00,Samochód osobowy jako kierowca,POINT (16.977893 51.1268542),745
685,685,feed4a16-9bee-44d1-b0ba-5507c17118e0,16.973084,51.1275287,2019-11-21 06:50:00,Komunikacja autobusowa,POINT (16.973084 51.1275287),637
689,689,e39cbce2-5f75-4366-813c-ace235e7e3d0,16.963867999999998,51.129033299999996,2019-11-21 07:40:00,Tramwaj,POINT (16.963868 51.1290333),498
707,707,0112430f-b9e8-4f5d-b9ba-deb0ffe63c64,16.9591797,51.1268743,2019-11-25 06:24:40,Rower prywatny,POINT (16.9591797 51.1268743),38
708,708,0112430f-b9e8-4f5d-b9ba-deb0ffe63c64,16.9704755,51.1227904,2019-11-25 06:34:40,Rower prywatny,POINT (16.9704755 51.1227904),813
711,711,9506573f-4432-4c32-9274-108fbf593f75,16.9639738,51.1258111,2019-11-19 07:50:00,Komunikacja autobusowa,POINT (16.9639738 51.1258111),414
713,713,8c9daca1-b92a-41e9-8240-82d10a045d6b,16.9599315,51.1249391,2019-11-19 10:00:00,Tramwaj,POINT (16.9599315 51.1249391),385
715,715,9c9d49d2-18ac-4f2d-836f-d8a35390d3d2,16.966317999999998,51.1293336,2019-11-19 06:00:00,Tramwaj,POINT (16.966318 51.1293336),22
717,717,c8bf5253-190a-4565-ad65-22b7125932a3,16.9613455,51.125628000000006,2019-11-26 06:00:00,Komunikacja autobusowa,POINT (16.9613455 51.12562800000001),519
719,719,cfd4a32f-558f-467f-8d8e-20d8bb46f5ee,16.961177399999997,51.1255316,2019-11-19 06:40:00,Komunikacja autobusowa,POINT (16.9611774 51.1255316),35
721,721,d31850ca-be7f-476c-8868-fee219144d5d,16.9688882,51.123918100000004,2019-11-19 13:40:00,Samochód osobowy jako kierowca,POINT (16.9688882 51.1239181),811
723,723,d06552d8-cc2c-4310-9070-42444af052fe,16.9639509,51.126534899999996,2019-11-26 06:45:00,Tramwaj,POINT (16.9639509 51.1265349),185
724,724,e54e9fd9-7ba5-43d4-bf18-9dc4c0956466,16.9637222,51.1233266,2019-11-22 07:00:00,Samochód osobowy jako pasażer,POINT (16.9637222 51.1233266),801
731,731,08ca27fa-835b-4a40-aa1a-9aa8dee48afb,16.975819935748667,51.1266204,2019-11-19 08:45:00,Pieszo,POINT (16.97581993574867 51.1266204),496
732,732,a3d9aac5-703d-435a-825c-cf78a3f7186a,16.9692302,51.1255763,2019-11-27 09:00:40,Tramwaj,POINT (16.9692302 51.1255763),260
740,740,3f67e74c-a03f-40af-a08b-c896063875d5,16.968336899999997,51.1220226,2019-11-27 05:00:29,Samochód osobowy jako kierowca,POINT (16.9683369 51.1220226),806
746,746,13a6165b-fe9b-4cb6-a517-060d34e91e73,16.9658412,51.126945899999996,2019-11-27 17:30:58,Samochód osobowy jako kierowca,POINT (16.9658412 51.1269459),739
747,747,13a6165b-fe9b-4cb6-a517-060d34e91e73,16.9658412,51.126945899999996,2019-11-27 17:50:58,Samochód osobowy jako kierowca,POINT (16.9658412 51.1269459),739
748,748,5a74db3d-4f04-46b4-83ed-57ac49660e0b,16.9658412,51.126945899999996,2019-11-26 09:30:00,Taksówka,POINT (16.9658412 51.1269459),739
752,752,753c372c-ebf7-40a6-aac7-3880d16dc4ea,16.9638253,51.1264047,2019-10-27 11:50:00,Komunikacja autobusowa,POINT (16.9638253 51.1264047),414
763,763,ab03ad9e-1dcd-4e31-8479-80f85c0520bd,16.9591797,51.1268743,2019-10-25 14:20:00,Samochód osobowy jako kierowca,POINT (16.9591797 51.1268743),38
771,771,b849925a-1763-4947-8ca6-54fe8314faff,16.9697476,51.126557700000006,2019-10-27 20:00:03,Taksówka,POINT (16.9697476 51.12655770000001),521
791,791,a450746d-5e01-401e-9806-4fded7c7a971,16.965529800000002,51.1303644,2019-10-25 14:30:00,Tramwaj,POINT (16.9655298 51.1303644),684
793,793,bce6073c-b1b5-4012-be1d-917a78801f24,16.964517100000002,51.1275413,2019-10-24 15:15:00,Samochód osobowy jako pasażer,POINT (16.9645171 51.1275413),736
803,803,6353b0f3-6113-40be-a744-24312858f811,16.9612924,51.1245834,2019-10-24 13:05:00,Samochód osobowy jako kierowca,POINT (16.9612924 51.1245834),306
814,814,99bba70c-5048-48b7-8538-342957debfd5,16.9660793,51.123142200000004,2019-10-25 06:20:00,Samochód osobowy jako kierowca,POINT (16.9660793 51.1231422),803
828,828,0cbe03d2-7f81-4e8e-8362-cea8b76d3a44,16.9697476,51.126557700000006,2019-10-28 22:04:17,Samochód osobowy jako kierowca,POINT (16.9697476 51.12655770000001),521
865,865,c772548b-c9b0-437c-b9a4-c2edfa3d7c2a,16.968219199999997,51.1263605,2019-10-28 16:42:49,Rower prywatny,POINT (16.9682192 51.1263605),756
867,867,4c0b913b-570d-4911-be1a-68a76be764e8,16.965529800000002,51.1303644,2019-10-28 15:10:21,Rower prywatny,POINT (16.9655298 51.1303644),684
889,889,c846b140-e821-4107-b29f-af392913303a,16.9647341,51.1291055,2019-10-29 15:58:32,Samochód osobowy jako kierowca,POINT (16.9647341 51.1291055),107
895,895,f135d747-a5f9-49ad-af7f-0b447214495c,16.972179399999998,51.128501799999995,2019-10-29 13:45:02,Komunikacja autobusowa,POINT (16.9721794 51.1285018),42
915,915,398ff17b-8c72-4959-abd0-f795d072993b,16.9588172,51.1265201,2019-10-03 14:12:00,Rower prywatny,POINT (16.9588172 51.1265201),178
941,941,b7aee8c5-1cdd-46f3-996b-33d81067d13a,16.960061,51.124065,2019-11-06 10:30:00,Tramwaj,POINT (16.960061 51.124065),435
945,945,fe724f90-6869-4526-9e96-16862230f2ab,16.975819935748667,51.1266204,2019-11-08 15:05:00,Tramwaj,POINT (16.97581993574867 51.1266204),496
967,967,10bea0fd-32b8-46a4-b681-a1daee05ff2a,16.9697476,51.126557700000006,2019-11-05 16:43:00,Komunikacja autobusowa,POINT (16.9697476 51.12655770000001),521
1035,1035,39620230-857a-4b0e-8f7a-8f58ff5e0918,16.9669188,51.126711900000004,2019-11-14 16:55:00,Tramwaj,POINT (16.9669188 51.1267119),754
1074,1074,ae46f74b-268b-475c-b5f7-85ce43592000,16.964161800000003,51.1269558,2019-11-18 20:20:00,Samochód osobowy jako kierowca,POINT (16.9641618 51.1269558),304
1083,1083,a947467c-2fb8-4881-8b24-316d226d0c6b,16.9702013,51.129427299999996,2019-11-19 16:33:00,Tramwaj,POINT (16.9702013 51.1294273),44
1084,1084,48320a48-7cfa-466b-8e5a-eff7f36dc2cf,16.9704755,51.1227904,2019-11-20 14:30:34,Rower prywatny,POINT (16.9704755 51.1227904),813
1089,1089,06f93e63-c8bc-4d99-b08e-09973e14d760,16.968219199999997,51.1263605,2019-11-19 15:35:00,Samochód osobowy jako kierowca,POINT (16.9682192 51.1263605),756
1103,1103,f215599b-3e89-47f5-b5c1-3ba05d725537,16.9697476,51.126557700000006,2019-11-20 08:15:08,Rower prywatny,POINT (16.9697476 51.12655770000001),521
1129,1129,c892e3f0-49f5-498e-912a-96b8a10a83ca,16.960061,51.124065,2019-11-21 17:30:48,Samochód osobowy jako kierowca,POINT (16.960061 51.124065),435
1135,1135,33e10c14-c738-493c-9554-0ad82bbfab2a,16.9686035,51.1220217,2019-11-19 18:22:00,Samochód osobowy jako kierowca,POINT (16.9686035 51.1220217),806
1138,1138,540b3439-c490-4ec9-9670-6711bb3c9712,16.960014800000003,51.12653579999999,2019-11-23 16:13:23,Samochód osobowy jako pasażer,POINT (16.9600148 51.12653579999999),597
1141,1141,6cec5023-f336-4a1e-9719-7e7a9026c66c,16.9630277,51.122910499999996,2019-11-21 15:45:00,Samochód osobowy jako kierowca,POINT (16.9630277 51.1229105),132
1150,1150,694410ae-a4ed-4326-bb6a-9e88b1ba7db8,16.968219199999997,51.1263605,2019-11-20 08:00:00,Pieszo,POINT (16.9682192 51.1263605),756
1161,1161,47d5ad1e-cf70-4c37-b3b3-ad028433e959,16.971590399999997,51.126168,2019-11-20 14:40:00,Tramwaj,POINT (16.9715904 51.126168),395
1165,1165,55f56928-dd21-495e-9162-8e28679697cf,16.9722857,51.127770500000004,2019-11-22 14:30:00,Samochód osobowy jako kierowca,POINT (16.9722857 51.1277705),637
1167,1167,500ee9ef-162d-47ad-81ab-a9540cd3c49e,16.9613478,51.122952000000005,2019-11-22 17:13:00,Samochód osobowy jako kierowca,POINT (16.9613478 51.12295200000001),302
1173,1173,908cb761-a20c-449a-bead-5ecc29959be7,16.963867999999998,51.129033299999996,2019-11-21 09:20:00,Tramwaj,POINT (16.963868 51.1290333),498
1176,1176,ccaa4092-892f-4036-9613-2b51bdc676ae,16.9613455,51.125628000000006,2019-11-26 17:00:00,Samochód osobowy jako kierowca,POINT (16.9613455 51.12562800000001),519
1177,1177,ccaa4092-892f-4036-9613-2b51bdc676ae,16.9697476,51.126557700000006,2019-11-26 17:05:00,Samochód osobowy jako kierowca,POINT (16.9697476 51.12655770000001),521
1179,1179,25adfe49-8135-4a3c-b885-a67f3acaa685,16.9637222,51.1233266,2019-11-22 15:50:00,Samochód osobowy jako pasażer,POINT (16.9637222 51.1233266),801
1183,1183,0b63db31-df6e-4416-8419-0af52969b6e9,16.9692302,51.1255763,2019-11-27 12:27:40,Tramwaj,POINT (16.9692302 51.1255763),260
1185,1185,1a8f07a0-03c2-4e04-8aeb-4d5e9e2d01ea,16.968336899999997,51.1220226,2019-11-27 12:00:29,Samochód osobowy jako kierowca,POINT (16.9683369 51.1220226),806
1187,1187,31c6411e-f71e-442c-bace-3768e96ca207,16.9658412,51.126945899999996,2019-11-27 20:15:58,Samochód osobowy jako kierowca,POINT (16.9658412 51.1269459),739
1189,1189,ad6b1a38-c624-4d41-984e-e30ae18576f8,16.9658412,51.126945899999996,2019-11-26 11:30:00,Taksówka,POINT (16.9658412 51.1269459),739
1191,1191,8106762b-a261-4cf4-9e60-e1d66a775177,16.9638253,51.1264047,2019-10-27 15:46:00,Komunikacja autobusowa,POINT (16.9638253 51.1264047),414
1205,1205,3fe06b49-8423-480f-bb9e-35a828f34b2e,16.9650717,51.1280167,2019-10-25 17:27:00,Tramwaj,POINT (16.9650717 51.1280167),333
1206,1206,347d1b2a-ec1f-4cdf-846a-b3150f5eeb53,16.9591797,51.1268743,2019-10-25 14:25:00,Pieszo,POINT (16.9591797 51.1268743),38
1213,1213,9bdb2adb-f546-4023-b121-5c1141f7d088,16.9630277,51.122910499999996,2019-10-24 17:05:00,Pieszo,POINT (16.9630277 51.1229105),132
1234,1234,ae7d79e6-8b27-4645-b398-4df9146fd30a,16.965529800000002,51.1303644,2019-10-25 15:50:00,Pieszo,POINT (16.9655298 51.1303644),684
1235,1235,ae7d79e6-8b27-4645-b398-4df9146fd30a,16.9639509,51.126534899999996,2019-10-25 16:00:00,Pieszo,POINT (16.9639509 51.1265349),185
1250,1250,45bcdcd4-5822-4a25-8c2a-ab7c0eeda28f,16.9612924,51.1245834,2019-10-24 17:10:00,Samochód osobowy jako kierowca,POINT (16.9612924 51.1245834),306
1256,1256,b23beb62-c9de-4fdc-a391-e9597a796487,16.9614087,51.1308749,2019-10-26 13:00:00,Hulajnoga elektryczna,POINT (16.9614087 51.1308749),697
1261,1261,4d2951ae-52cd-437c-8c9c-0d4409c3aab7,16.965529800000002,51.1303644,2019-10-25 15:35:00,Tramwaj,POINT (16.9655298 51.1303644),684
1267,1267,c4f67078-04f0-46a5-a473-b5914316228d,16.9613478,51.122952000000005,2019-10-21 15:03:00,Samochód osobowy jako kierowca,POINT (16.9613478 51.12295200000001),302
1269,1269,faf74808-d9ba-4760-a210-9d3f11c2d1bd,16.9677959,51.1258725,2019-10-25 14:20:00,Samochód osobowy jako kierowca,POINT (16.9677959 51.1258725),45
1281,1281,b621df4b-5349-43ed-82e4-b9ff5b9df519,16.9687768,51.127427399999995,2019-10-24 14:32:00,Samochód osobowy jako kierowca,POINT (16.9687768 51.12742739999999),329
1293,1293,82d6712b-3cc7-4f52-80e6-efdc85b1f54e,16.958892499999997,51.1283466,2019-10-28 16:55:43,Samochód osobowy jako pasażer,POINT (16.9588925 51.1283466),723
1298,1298,69f2c236-43b6-444b-9d11-2e461333cb71,16.9592507,51.1261489,2019-10-24 14:40:00,Pieszo,POINT (16.9592507 51.1261489),416
1308,1308,3b60d03b-1779-4e41-8920-fb3b2ea361c7,16.965529800000002,51.1303644,2019-10-28 15:30:21,Rower prywatny,POINT (16.9655298 51.1303644),684
1309,1309,3b60d03b-1779-4e41-8920-fb3b2ea361c7,16.9634681,51.122676899999995,2019-10-28 15:40:21,Rower prywatny,POINT (16.9634681 51.12267689999999),132
1327,1327,ff1aad4a-2531-43b9-9628-f8975c03f952,16.9702013,51.129427299999996,2019-10-29 19:13:00,Tramwaj,POINT (16.9702013 51.1294273),44
1353,1353,0f3b7938-d8ad-429f-a0be-3ff3411db622,16.9588172,51.1265201,2019-10-03 15:00:00,Rower prywatny,POINT (16.9588172 51.1265201),178
1370,1370,ddd32706-333d-4ea2-b0b5-51e66c24f01e,16.9697476,51.126557700000006,2019-11-06 15:55:22,Tramwaj,POINT (16.9697476 51.12655770000001),521
1379,1379,05cb1a96-9a56-47dd-9bf0-ba10abec965d,16.960061,51.124065,2019-11-06 16:13:00,Komunikacja autobusowa,POINT (16.960061 51.124065),435
1381,1381,5e1f22e5-26d0-44b1-ad43-3b84cf37885c,16.975819935748667,51.1266204,2019-11-08 15:05:00,Pieszo,POINT (16.97581993574867 51.1266204),496
1382,1382,5e1f22e5-26d0-44b1-ad43-3b84cf37885c,16.9733414,51.1257135,2019-11-08 15:15:00,Pieszo,POINT (16.9733414 51.1257135),26
1395,1395,60ab9424-d972-4d9a-874e-8ca24ba74c77,16.965529800000002,51.1303644,2019-11-08 10:15:00,Tramwaj,POINT (16.9655298 51.1303644),684
1471,1471,557e6a2a-d960-4a8a-bf0d-cfb274028088,16.9669188,51.126711900000004,2019-11-14 18:00:00,Samochód osobowy jako kierowca,POINT (16.9669188 51.1267119),754
1472,1472,557e6a2a-d960-4a8a-bf0d-cfb274028088,16.975819935748667,51.1266204,2019-11-14 18:05:00,Samochód osobowy jako kierowca,POINT (16.97581993574867 51.1266204),496
1519,1519,58f0ff73-0867-4667-b213-b09a6f01527e,16.9702013,51.129427299999996,2019-11-19 17:15:00,Pieszo,POINT (16.9702013 51.1294273),44
1520,1520,58f0ff73-0867-4667-b213-b09a6f01527e,16.957601800000003,51.126650500000004,2019-11-19 17:35:00,Pieszo,POINT (16.9576018 51.1266505),210
1521,1521,7eaf2ce8-f408-4a19-96cc-79697210bb69,16.9704755,51.1227904,2019-11-20 07:20:34,Rower prywatny,POINT (16.9704755 51.1227904),813
1539,1539,e703fd3e-bf38-4ba7-81d5-abbf92655f0e,16.9697476,51.126557700000006,2019-11-20 08:00:08,Rower prywatny,POINT (16.9697476 51.12655770000001),521
1548,1548,3a77bced-e53e-4d8e-a0bd-9c392eef485b,16.9707581,51.1219943,2019-11-20 13:15:00,Samochód osobowy jako kierowca,POINT (16.9707581 51.1219943),474
1567,1567,82e780e6-c0e9-49d3-bda0-39bf1334d6f2,16.960061,51.124065,2019-11-21 19:25:48,Samochód osobowy jako kierowca,POINT (16.960061 51.124065),435
1574,1574,784af5a8-d99d-4804-b743-166ef1af1eb9,16.971268600000002,51.1278905,2019-11-22 21:15:40,Tramwaj,POINT (16.9712686 51.1278905),513
1575,1575,b764e78b-fc1b-44d7-b216-ff85eaf7a05c,16.9686035,51.1220217,2019-11-19 19:00:00,Samochód osobowy jako kierowca,POINT (16.9686035 51.1220217),806
1585,1585,2f573830-ba23-4f2f-92b5-4aa98df16b9f,16.9630277,51.122910499999996,2019-11-21 17:00:00,Samochód osobowy jako kierowca,POINT (16.9630277 51.1229105),132
1586,1586,2f573830-ba23-4f2f-92b5-4aa98df16b9f,16.975819935748667,51.1266204,2019-11-21 17:05:00,Samochód osobowy jako kierowca,POINT (16.97581993574867 51.1266204),496
1593,1593,a6fb3c0b-cc0e-487d-85c0-d30e2f8e495b,16.971590399999997,51.126168,2019-11-20 17:35:00,Tramwaj,POINT (16.9715904 51.126168),395
1595,1595,43f42edf-b2b4-4c56-ab64-306f27e84bc4,16.9722857,51.127770500000004,2019-11-22 17:45:00,Samochód osobowy jako pasażer,POINT (16.9722857 51.1277705),637
1599,1599,d3b50903-c167-467d-a1d2-30b858599533,16.963867999999998,51.129033299999996,2019-11-21 10:15:00,Tramwaj,POINT (16.963868 51.1290333),498
1609,1609,cb9428a6-2be1-40c5-97e9-b255c814c2aa,16.9697476,51.126557700000006,2019-11-25 15:07:40,Rower prywatny,POINT (16.9697476 51.12655770000001),521
1610,1610,cb9428a6-2be1-40c5-97e9-b255c814c2aa,16.9591797,51.1268743,2019-11-25 15:10:40,Rower prywatny,POINT (16.9591797 51.1268743),38
1612,1612,701378eb-cf15-4d64-953e-ed50347a779f,16.9639509,51.126534899999996,2019-11-26 15:30:00,Tramwaj,POINT (16.9639509 51.1265349),185
1613,1613,96a6a10b-1c0e-4533-8060-08b6ad262062,16.9637222,51.1233266,2019-11-22 17:00:00,Pieszo,POINT (16.9637222 51.1233266),801
1614,1614,96a6a10b-1c0e-4533-8060-08b6ad262062,16.976004,51.1270346,2019-11-22 17:10:00,Pieszo,POINT (16.976004 51.1270346),496
1623,1623,d32b1d68-020e-46c2-af99-634d7005dbf9,16.968336899999997,51.1220226,2019-11-27 14:00:29,Rower prywatny,POINT (16.9683369 51.1220226),806
1627,1627,e87a034c-8e63-4537-8d4e-96c7f5e2f79b,16.9638253,51.1264047,2019-10-27 16:20:00,Tramwaj,POINT (16.9638253 51.1264047),414
1630,1630,8f166573-bd0b-4075-b5e4-c5be8061cba8,16.9577253,51.1265541,2019-10-08 15:26:00,Samochód osobowy jako kierowca,POINT (16.9577253 51.1265541),210
1653,1653,df273c2c-3622-45aa-ba10-bd46ba2434f4,16.9639509,51.126534899999996,2019-10-25 16:15:00,Komunikacja autobusowa,POINT (16.9639509 51.1265349),185
1664,1664,a0705ee4-13a2-41f3-8cef-7ec4b7497c4b,16.9612924,51.1245834,2019-10-24 20:35:00,Samochód osobowy jako kierowca,POINT (16.9612924 51.1245834),306
1677,1677,023db10d-411b-41b6-8bb7-4a5a2da3771c,16.9613478,51.122952000000005,2019-10-21 16:00:00,Samochód osobowy jako kierowca,POINT (16.9613478 51.12295200000001),302
1690,1690,757babc2-e868-41d5-bfd2-6c8a951b11dd,16.9697476,51.126557700000006,2019-10-24 15:30:00,Samochód osobowy jako kierowca,POINT (16.9697476 51.12655770000001),521
1694,1694,d9e801bd-f29c-453e-ac7e-040d8a611b36,16.9613478,51.122952000000005,2019-10-25 15:00:00,Samochód osobowy jako kierowca,POINT (16.9613478 51.12295200000001),302
1715,1715,ff32f6dc-877b-4e8e-921f-e06019e11763,16.9702013,51.129427299999996,2019-10-29 20:10:00,Pieszo,POINT (16.9702013 51.1294273),44
1728,1728,efb284d6-ac5a-4db0-b84f-c2cb5bb396c4,16.966649,51.1263937,2019-10-28 17:50:00,Tramwaj,POINT (16.966649 51.1263937),746
1734,1734,44bd41ba-ec3d-4ab7-a5a3-bcf7da483a57,16.9588172,51.1265201,2019-10-03 15:15:00,Rower prywatny,POINT (16.9588172 51.1265201),178
1743,1743,c405f64b-4f09-4800-8691-e3d8dd13cad6,16.9697476,51.126557700000006,2019-11-06 16:20:22,Pieszo,POINT (16.9697476 51.12655770000001),521
1748,1748,808e1453-fbfc-4cfa-920f-954964935650,16.969083899999998,51.1285278,2019-11-06 15:30:00,Tramwaj,POINT (16.9690839 51.1285278),570
1754,1754,3774e1b2-4179-4f66-8e98-3005354d9815,16.960061,51.124065,2019-11-06 19:37:00,Komunikacja autobusowa,POINT (16.960061 51.124065),435
1755,1755,f183bae5-f494-40e9-a21a-52afca72ba48,16.9733414,51.1257135,2019-11-08 15:30:00,Pieszo,POINT (16.9733414 51.1257135),26
1756,1756,f183bae5-f494-40e9-a21a-52afca72ba48,16.9676523,51.122747,2019-11-08 15:50:00,Pieszo,POINT (16.9676523 51.122747),806
1766,1766,f2c8d5cb-ed4c-41ed-bad6-75eed50f0a30,16.9679435,51.12879470000001,2019-11-10 16:38:46,Tramwaj,POINT (16.9679435 51.12879470000001),617
1817,1817,54fa8fb9-5264-43e7-8f60-7f6a690d8b80,16.975819935748667,51.1266204,2019-11-14 19:00:00,Samochód osobowy jako kierowca,POINT (16.97581993574867 51.1266204),496
1818,1818,54fa8fb9-5264-43e7-8f60-7f6a690d8b80,16.9669188,51.126711900000004,2019-11-14 19:05:00,Samochód osobowy jako kierowca,POINT (16.9669188 51.1267119),754
1854,1854,aff427b3-90d6-4b3a-b49a-385eed71f8da,16.9704755,51.1227904,2019-11-20 14:30:34,Rower prywatny,POINT (16.9704755 51.1227904),813
1869,1869,99f52c74-0421-4541-9219-1107adc4dbdb,16.9707581,51.1219943,2019-11-20 15:00:00,Pieszo,POINT (16.9707581 51.1219943),474
1870,1870,99f52c74-0421-4541-9219-1107adc4dbdb,16.975819935748667,51.1266204,2019-11-20 15:10:00,Pieszo,POINT (16.97581993574867 51.1266204),496
1880,1880,d9b23e30-a2f5-491c-9b26-4b044b39b58e,16.960061,51.124065,2019-11-21 21:40:48,Samochód osobowy jako kierowca,POINT (16.960061 51.124065),435
1888,1888,8122754a-0722-4325-83cf-669a30243ecf,16.9686035,51.1220217,2019-11-19 19:56:00,Samochód osobowy jako kierowca,POINT (16.9686035 51.1220217),806
1895,1895,a347daaf-4897-4fca-ac94-c98bd98dc231,16.975819935748667,51.1266204,2019-11-21 17:30:00,Samochód osobowy jako kierowca,POINT (16.97581993574867 51.1266204),496
1896,1896,a347daaf-4897-4fca-ac94-c98bd98dc231,16.9630277,51.122910499999996,2019-11-21 17:35:00,Samochód osobowy jako kierowca,POINT (16.9630277 51.1229105),132
1898,1898,0d855e42-fef7-4356-a41f-c07e87a69ebd,16.970900699999998,51.1235443,2019-11-22 12:05:00,Komunikacja autobusowa,POINT (16.9709007 51.1235443),726
1908,1908,8b563038-80bc-4920-958f-bd6b8834bf01,16.9722857,51.127770500000004,2019-11-22 00:10:00,Samochód osobowy jako kierowca,POINT (16.9722857 51.1277705),637
1914,1914,c5118d12-ef48-4e86-9bc5-fc22203010a5,16.963867999999998,51.129033299999996,2019-11-21 14:00:00,Tramwaj,POINT (16.963868 51.1290333),498
1925,1925,7db22814-57c4-493d-8c5d-ba9071b1ab34,16.9591797,51.1268743,2019-11-25 17:11:40,Rower prywatny,POINT (16.9591797 51.1268743),38
1927,1927,7bc0cc0e-5fd8-4446-bebc-36b295c73f73,16.976004,51.1270346,2019-11-22 18:00:00,Pieszo,POINT (16.976004 51.1270346),496
1928,1928,7bc0cc0e-5fd8-4446-bebc-36b295c73f73,16.9637222,51.1233266,2019-11-22 18:15:00,Pieszo,POINT (16.9637222 51.1233266),801
1932,1932,eb3d1ff0-7ca9-4d7b-8a36-59b91614e426,16.968336899999997,51.1220226,2019-11-27 15:15:29,Rower prywatny,POINT (16.9683369 51.1220226),806
1938,1938,910bb32e-b6b7-43a1-b82b-2557920005d1,16.9638253,51.1264047,2019-10-27 21:30:00,Tramwaj,POINT (16.9638253 51.1264047),414
1971,1971,56451ccd-5d88-438c-88c7-6e72c6ed0272,16.9697476,51.126557700000006,2019-10-24 16:00:00,Samochód osobowy jako kierowca,POINT (16.9697476 51.12655770000001),521
1973,1973,f7f1de63-6abc-4d6a-a302-d529b7168c02,16.9613478,51.122952000000005,2019-10-25 15:15:00,Samochód osobowy jako kierowca,POINT (16.9613478 51.12295200000001),302
1997,1997,451bf790-2247-403d-ba31-f5bca388d8db,16.9588172,51.1265201,2019-10-03 17:00:00,Samochód osobowy jako kierowca,POINT (16.9588172 51.1265201),178
2002,2002,557c3567-0486-4d98-adc6-5fcdaf44a7de,16.9697476,51.126557700000006,2019-11-06 17:20:22,Pieszo,POINT (16.9697476 51.12655770000001),521
2014,2014,d1479f28-fe48-4590-b9e9-e9d8eeb99c3d,16.969399300000003,51.1258263,2019-11-12 16:08:48,Tramwaj,POINT (16.9693993 51.1258263),289
2020,2020,5c81ccb6-a155-462a-8e48-8f87ca414963,16.963195000000002,51.127700899999994,2019-11-13 20:56:50,Samochód osobowy jako kierowca,POINT (16.963195 51.12770089999999),279
2081,2081,e7af4cfe-b8de-4693-93b5-581e058debf9,16.975819935748667,51.1266204,2019-11-20 16:00:00,Pieszo,POINT (16.97581993574867 51.1266204),496
2082,2082,e7af4cfe-b8de-4693-93b5-581e058debf9,16.9707581,51.1219943,2019-11-20 16:10:00,Pieszo,POINT (16.9707581 51.1219943),474
2098,2098,0bb63c99-7086-40ef-816d-fbdefed527de,16.971590399999997,51.126168,2019-11-20 23:05:00,Komunikacja autobusowa,POINT (16.9715904 51.126168),395
2114,2114,43af58dd-7b44-4ec3-a9fb-69e6de17ab46,16.9591797,51.1268743,2019-11-25 19:36:40,Rower prywatny,POINT (16.9591797 51.1268743),38
2115,2115,08ca27fa-835b-4a40-aa1a-9aa8dee48afb,16.975819935748667,51.1266204,2019-11-19 08:40:00,Tramwaj,POINT (16.97581993574867 51.1266204),496
2117,2117,9d2f0256-c6c2-41e6-83ec-7c18afae76f5,16.968336899999997,51.1220226,2019-11-27 18:00:29,Pieszo,POINT (16.9683369 51.1220226),806
2124,2124,367e270d-77f1-4afd-903e-75ba02d1d56c,16.9603031,51.1237427,2019-11-05 15:40:59,Komunikacja autobusowa,POINT (16.9603031 51.1237427),670
2126,2126,7c3eb247-68c4-4743-8878-7a487abf77b1,16.9608293,51.123380700000006,2019-11-13 15:13:14,Komunikacja autobusowa,POINT (16.9608293 51.12338070000001),670
2154,2154,3919860f-1b7b-4503-a6a0-f7c12925e438,16.9697476,51.126557700000006,2019-10-24 18:15:00,Samochód osobowy jako kierowca,POINT (16.9697476 51.12655770000001),521
2168,2168,57c541e7-6660-4f41-a1d4-d66661e8fedf,16.9728699,51.1251612,2019-10-29 16:20:33,Tramwaj,POINT (16.9728699 51.1251612),607
2172,2172,4b818b68-4ea5-4872-a399-01cf9075682c,16.9588172,51.1265201,2019-10-03 20:47:00,Samochód osobowy jako kierowca,POINT (16.9588172 51.1265201),178
2175,2175,4ce8dddb-0bbb-4ee0-88e3-5347cfc27766,16.9697476,51.126557700000006,2019-11-06 20:20:22,Tramwaj,POINT (16.9697476 51.12655770000001),521
2246,2246,3c6781ab-7383-4e7d-8c49-6c12f46cf33f,16.969399300000003,51.1258263,2019-11-22 15:05:00,Tramwaj,POINT (16.9693993 51.1258263),289
2250,2250,6f82c3fc-f551-40f3-8952-8429e9856e26,16.968336899999997,51.1220226,2019-11-27 19:20:29,Pieszo,POINT (16.9683369 51.1220226),806
2258,2258,9477e206-0ef0-481d-af84-7c0196f93e4e,16.9613478,51.122952000000005,2019-10-25 22:45:00,Pieszo,POINT (16.9613478 51.12295200000001),302
2276,2276,10a45032-0602-4440-9214-237492177353,16.9697476,51.126557700000006,2019-11-06 23:14:22,Komunikacja autobusowa,POINT (16.9697476 51.12655770000001),521
2288,2288,7868c455-09c7-437e-8152-36ea703cb9fe,16.975819935748667,51.1266204,2019-11-13 16:45:34,Tramwaj,POINT (16.97581993574867 51.1266204),496
2294,2294,3d747cdf-7b1a-424b-bbf4-af72da74e9a8,16.9635561,51.1292124,2019-11-14 17:15:00,Tramwaj,POINT (16.9635561 51.1292124),498
2296,2296,9f385522-b8b3-4821-a0c7-660cce83c158,16.9585158,51.127615000000006,2019-11-18 15:42:00,Komunikacja autobusowa,POINT (16.9585158 51.12761500000001),75
2319,2319,43fc85a1-ef1c-4977-bcca-de9ce8c1aa15,16.9613478,51.122952000000005,2019-10-25 22:50:00,Komunikacja autobusowa,POINT (16.9613478 51.12295200000001),302
2335,2335,33f9aef7-51d5-4f80-ac04-b3378dd88e4d,16.975819935748667,51.1266204,2019-11-13 16:55:34,Pieszo,POINT (16.97581993574867 51.1266204),496
2350,2350,d066b951-0be5-4aaf-b830-99f16c9c2dfe,16.9664146,51.122911200000004,2019-11-18 11:23:00,Pieszo,POINT (16.9664146 51.1229112),803
2352,2352,447e8057-38d9-49da-9df7-6f3de0d1479d,16.9707581,51.1219943,2019-11-18 18:38:00,Pieszo,POINT (16.9707581 51.1219943),474
2354,2354,77997cf7-8642-460d-87e9-9c3a2959e150,16.9608293,51.123380700000006,2019-11-21 19:05:00,Komunikacja autobusowa,POINT (16.9608293 51.12338070000001),670
2362,2362,941056ef-4600-44df-9d2d-4087651a019a,16.965529800000002,51.1303644,2019-10-25 14:34:00,Pieszo,POINT (16.9655298 51.1303644),684
2364,2364,f6f67d04-42c9-4875-8876-2bedde861521,16.9656663,51.1224305,2019-10-25 13:35:00,Komunikacja autobusowa,POINT (16.9656663 51.1224305),803
2410,2410,88de7c9e-7d0f-4c02-b676-c789410a0478,16.9697476,51.126557700000006,2019-11-05 16:34:15,Pieszo,POINT (16.9697476 51.12655770000001),521
2411,2411,1289d223-9b53-4554-838a-da002d62f26c,16.965529800000002,51.1303644,2019-11-08 17:00:00,Pieszo,POINT (16.9655298 51.1303644),684
2412,2412,1289d223-9b53-4554-838a-da002d62f26c,16.95926,51.126315600000005,2019-11-08 17:10:00,Pieszo,POINT (16.95926 51.12631560000001),643
2423,2423,2d453ad9-c9bf-4868-ae95-7ea08ead8832,16.965529800000002,51.1303644,2019-10-25 15:19:00,Pieszo,POINT (16.9655298 51.1303644),684
2424,2424,2d453ad9-c9bf-4868-ae95-7ea08ead8832,16.961908899999997,51.12943129999999,2019-10-25 15:22:00,Pieszo,POINT (16.9619089 51.12943129999999),586
2426,2426,fc1dd0db-7042-4639-a170-eb913f3092c4,16.965529800000002,51.1303644,2019-10-26 00:17:00,Komunikacja autobusowa,POINT (16.9655298 51.1303644),684
2433,2433,1289d223-9b53-4554-838a-da002d62f26c,16.965529800000002,51.1303644,2019-11-08 17:20:00,Tramwaj,POINT (16.9655298 51.1303644),684
2445,2445,d3507530-b38f-468e-8318-025837b8635c,16.9702013,51.129427299999996,2019-10-26 17:43:00,Rower prywatny,POINT (16.9702013 51.1294273),44
2446,2446,6dbde234-d978-4ad6-bed4-69934f0a50f6,16.961908899999997,51.12943129999999,2019-10-25 16:22:00,Pieszo,POINT (16.9619089 51.12943129999999),586
2449,2449,273600fc-901c-4bb8-a7a2-0745753bddfb,16.9697476,51.126557700000006,2019-10-24 12:37:00,Pieszo,POINT (16.9697476 51.12655770000001),521
2454,2454,c8ac261c-863f-40bf-b9d3-2687243ed212,16.95926,51.126315600000005,2019-11-08 19:00:00,Pieszo,POINT (16.95926 51.12631560000001),643
2455,2455,c8ac261c-863f-40bf-b9d3-2687243ed212,16.965529800000002,51.1303644,2019-11-08 19:10:00,Pieszo,POINT (16.9655298 51.1303644),684
2468,2468,fc1dd0db-7042-4639-a170-eb913f3092c4,16.965529800000002,51.1303644,2019-10-26 00:05:00,Pieszo,POINT (16.9655298 51.1303644),684
2469,2469,fc1dd0db-7042-4639-a170-eb913f3092c4,16.9652056,51.127138,2019-10-26 00:11:00,Pieszo,POINT (16.9652056 51.127138),737
2484,2484,028c0568-cc20-4142-9290-7fe77e0ddc2e,16.9702013,51.129427299999996,2019-10-26 18:10:00,Rower prywatny,POINT (16.9702013 51.1294273),44
2486,2486,3cd23835-63e8-4db0-b1b8-2c5a37fe2bae,16.9697476,51.126557700000006,2019-10-24 15:00:00,Pieszo,POINT (16.9697476 51.12655770000001),521
2503,2503,7891ba83-2261-46b9-8386-10d5e7e37b65,16.9697476,51.126557700000006,2019-10-24 16:07:00,Pieszo,POINT (16.9697476 51.12655770000001),521
2516,2516,c8ac261c-863f-40bf-b9d3-2687243ed212,16.965529800000002,51.1303644,2019-11-08 19:00:00,Tramwaj,POINT (16.9655298 51.1303644),684
2519,2519,a368837e-40e2-4a8f-b6d2-f19df3637ef1,16.9627026,51.12773370000001,2019-11-15 16:43:00,Pieszo,POINT (16.9627026 51.12773370000001),292
2521,2521,58b4a090-23bd-4cef-9dc0-eb092509d473,16.961908899999997,51.12943129999999,2019-10-25 19:33:00,Samochód osobowy jako pasażer,POINT (16.9619089 51.12943129999999),586
2526,2526,ee05656f-0cbf-48b2-bab4-01dbd9c29e0d,16.9627026,51.12773370000001,2019-11-15 17:00:00,Pieszo,POINT (16.9627026 51.12773370000001),292
2531,2531,76a23f02-b739-4f14-875d-e9c99eea3a94,16.95926,51.126315600000005,2019-11-08 00:15:00,Komunikacja autobusowa,POINT (16.95926 51.12631560000001),643
